<annotation>
    <folder>images</folder>
    <filename>2002_07_21_big_img_543.jpg</filename>
    <source>
        <database>Unknown</database>
    </source>
    <size>
        <width>450</width>
        <height>349</height>
        <depth>3</depth>
    </size>
    <segmented>0</segmented>
    <object>
        <name>Face</name>
        <pose>Unspecified</pose>
        <truncated>0</truncated>
        <difficult>0</difficult>
        <bndbox>
            <xmin>208</xmin>
            <ymin>42</ymin>
            <xmax>414</xmax>
            <ymax>312</ymax>
        </bndbox>
    </object>
</annotation>