<annotation>
    <folder>images</folder>
    <filename>2002_07_25_big_img_596.jpg</filename>
    <source>
        <database>Unknown</database>
    </source>
    <size>
        <width>330</width>
        <height>450</height>
        <depth>3</depth>
    </size>
    <segmented>0</segmented>
    <object>
        <name>Face</name>
        <pose>Unspecified</pose>
        <truncated>0</truncated>
        <difficult>0</difficult>
        <bndbox>
            <xmin>32</xmin>
            <ymin>2</ymin>
            <xmax>184</xmax>
            <ymax>204</ymax>
        </bndbox>
    </object>
    <object>
        <name>Face</name>
        <pose>Unspecified</pose>
        <truncated>0</truncated>
        <difficult>0</difficult>
        <bndbox>
            <xmin>177</xmin>
            <ymin>177</ymin>
            <xmax>329</xmax>
            <ymax>379</ymax>
        </bndbox>
    </object>
</annotation>