<annotation>
    <folder>images</folder>
    <filename>2002_07_26_big_img_531.jpg</filename>
    <source>
        <database>Unknown</database>
    </source>
    <size>
        <width>430</width>
        <height>450</height>
        <depth>3</depth>
    </size>
    <segmented>0</segmented>
    <object>
        <name>Face</name>
        <pose>Unspecified</pose>
        <truncated>0</truncated>
        <difficult>0</difficult>
        <bndbox>
            <xmin>248</xmin>
            <ymin>91</ymin>
            <xmax>346</xmax>
            <ymax>233</ymax>
        </bndbox>
    </object>
</annotation>