<annotation>
    <folder>images</folder>
    <filename>2002_07_20_big_img_589.jpg</filename>
    <source>
        <database>Unknown</database>
    </source>
    <size>
        <width>352</width>
        <height>450</height>
        <depth>3</depth>
    </size>
    <segmented>0</segmented>
    <object>
        <name>Face</name>
        <pose>Unspecified</pose>
        <truncated>0</truncated>
        <difficult>0</difficult>
        <bndbox>
            <xmin>192</xmin>
            <ymin>52</ymin>
            <xmax>304</xmax>
            <ymax>210</ymax>
        </bndbox>
    </object>
    <object>
        <name>Face</name>
        <pose>Unspecified</pose>
        <truncated>0</truncated>
        <difficult>0</difficult>
        <bndbox>
            <xmin>47</xmin>
            <ymin>212</ymin>
            <xmax>179</xmax>
            <ymax>360</ymax>
        </bndbox>
    </object>
</annotation>