<annotation>
    <folder>images</folder>
    <filename>2002_07_23_big_img_843.jpg</filename>
    <source>
        <database>Unknown</database>
    </source>
    <size>
        <width>450</width>
        <height>368</height>
        <depth>3</depth>
    </size>
    <segmented>0</segmented>
    <object>
        <name>Face</name>
        <pose>Unspecified</pose>
        <truncated>0</truncated>
        <difficult>0</difficult>
        <bndbox>
            <xmin>140</xmin>
            <ymin>43</ymin>
            <xmax>256</xmax>
            <ymax>213</ymax>
        </bndbox>
    </object>
    <object>
        <name>Face</name>
        <pose>Unspecified</pose>
        <truncated>0</truncated>
        <difficult>0</difficult>
        <bndbox>
            <xmin>17</xmin>
            <ymin>27</ymin>
            <xmax>51</xmax>
            <ymax>71</ymax>
        </bndbox>
    </object>
    <object>
        <name>Face</name>
        <pose>Unspecified</pose>
        <truncated>0</truncated>
        <difficult>0</difficult>
        <bndbox>
            <xmin>86</xmin>
            <ymin>67</ymin>
            <xmax>112</xmax>
            <ymax>105</ymax>
        </bndbox>
    </object>
    <object>
        <name>Face</name>
        <pose>Unspecified</pose>
        <truncated>0</truncated>
        <difficult>0</difficult>
        <bndbox>
            <xmin>419</xmin>
            <ymin>60</ymin>
            <xmax>449</xmax>
            <ymax>108</ymax>
        </bndbox>
    </object>
</annotation>