<annotation>
    <folder>images</folder>
    <filename>2002_07_27_big_img_1006.jpg</filename>
    <source>
        <database>Unknown</database>
    </source>
    <size>
        <width>320</width>
        <height>450</height>
        <depth>3</depth>
    </size>
    <segmented>0</segmented>
    <object>
        <name>Face</name>
        <pose>Unspecified</pose>
        <truncated>0</truncated>
        <difficult>0</difficult>
        <bndbox>
            <xmin>63</xmin>
            <ymin>113</ymin>
            <xmax>225</xmax>
            <ymax>309</ymax>
        </bndbox>
    </object>
    <object>
        <name>Face</name>
        <pose>Unspecified</pose>
        <truncated>0</truncated>
        <difficult>0</difficult>
        <bndbox>
            <xmin>214</xmin>
            <ymin>98</ymin>
            <xmax>319</xmax>
            <ymax>272</ymax>
        </bndbox>
    </object>
</annotation>