<annotation>
    <folder>images</folder>
    <filename>2002_07_27_big_img_1081.jpg</filename>
    <source>
        <database>Unknown</database>
    </source>
    <size>
        <width>388</width>
        <height>450</height>
        <depth>3</depth>
    </size>
    <segmented>0</segmented>
    <object>
        <name>Face</name>
        <pose>Unspecified</pose>
        <truncated>0</truncated>
        <difficult>0</difficult>
        <bndbox>
            <xmin>126</xmin>
            <ymin>61</ymin>
            <xmax>280</xmax>
            <ymax>263</ymax>
        </bndbox>
    </object>
</annotation>