<annotation>
    <folder>images</folder>
    <filename>2002_07_24_big_img_70.jpg</filename>
    <source>
        <database>Unknown</database>
    </source>
    <size>
        <width>420</width>
        <height>449</height>
        <depth>3</depth>
    </size>
    <segmented>0</segmented>
    <object>
        <name>Face</name>
        <pose>Unspecified</pose>
        <truncated>0</truncated>
        <difficult>0</difficult>
        <bndbox>
            <xmin>0</xmin>
            <ymin>20</ymin>
            <xmax>99</xmax>
            <ymax>192</ymax>
        </bndbox>
    </object>
    <object>
        <name>Face</name>
        <pose>Unspecified</pose>
        <truncated>0</truncated>
        <difficult>0</difficult>
        <bndbox>
            <xmin>190</xmin>
            <ymin>146</ymin>
            <xmax>292</xmax>
            <ymax>302</ymax>
        </bndbox>
    </object>
    <object>
        <name>Face</name>
        <pose>Unspecified</pose>
        <truncated>0</truncated>
        <difficult>0</difficult>
        <bndbox>
            <xmin>226</xmin>
            <ymin>12</ymin>
            <xmax>344</xmax>
            <ymax>186</ymax>
        </bndbox>
    </object>
</annotation>