<annotation>
    <folder>images</folder>
    <filename>2002_07_19_big_img_843.jpg</filename>
    <source>
        <database>Unknown</database>
    </source>
    <size>
        <width>450</width>
        <height>330</height>
        <depth>3</depth>
    </size>
    <segmented>0</segmented>
    <object>
        <name>Face</name>
        <pose>Unspecified</pose>
        <truncated>0</truncated>
        <difficult>0</difficult>
        <bndbox>
            <xmin>59</xmin>
            <ymin>51</ymin>
            <xmax>159</xmax>
            <ymax>181</ymax>
        </bndbox>
    </object>
    <object>
        <name>Face</name>
        <pose>Unspecified</pose>
        <truncated>0</truncated>
        <difficult>0</difficult>
        <bndbox>
            <xmin>224</xmin>
            <ymin>19</ymin>
            <xmax>286</xmax>
            <ymax>97</ymax>
        </bndbox>
    </object>
    <object>
        <name>Face</name>
        <pose>Unspecified</pose>
        <truncated>0</truncated>
        <difficult>0</difficult>
        <bndbox>
            <xmin>326</xmin>
            <ymin>46</ymin>
            <xmax>434</xmax>
            <ymax>170</ymax>
        </bndbox>
    </object>
</annotation>