<annotation>
    <folder>images</folder>
    <filename>2002_07_24_big_img_730.jpg</filename>
    <source>
        <database>Unknown</database>
    </source>
    <size>
        <width>450</width>
        <height>312</height>
        <depth>3</depth>
    </size>
    <segmented>0</segmented>
    <object>
        <name>Face</name>
        <pose>Unspecified</pose>
        <truncated>0</truncated>
        <difficult>0</difficult>
        <bndbox>
            <xmin>172</xmin>
            <ymin>26</ymin>
            <xmax>300</xmax>
            <ymax>194</ymax>
        </bndbox>
    </object>
</annotation>