<annotation>
    <folder>images</folder>
    <filename>2002_07_24_big_img_106.jpg</filename>
    <source>
        <database>Unknown</database>
    </source>
    <size>
        <width>449</width>
        <height>342</height>
        <depth>3</depth>
    </size>
    <segmented>0</segmented>
    <object>
        <name>Face</name>
        <pose>Unspecified</pose>
        <truncated>0</truncated>
        <difficult>0</difficult>
        <bndbox>
            <xmin>112</xmin>
            <ymin>62</ymin>
            <xmax>252</xmax>
            <ymax>240</ymax>
        </bndbox>
    </object>
</annotation>