<annotation>
    <folder>images</folder>
    <filename>2002_07_24_big_img_89.jpg</filename>
    <source>
        <database>Unknown</database>
    </source>
    <size>
        <width>332</width>
        <height>450</height>
        <depth>3</depth>
    </size>
    <segmented>0</segmented>
    <object>
        <name>Face</name>
        <pose>Unspecified</pose>
        <truncated>0</truncated>
        <difficult>0</difficult>
        <bndbox>
            <xmin>37</xmin>
            <ymin>64</ymin>
            <xmax>137</xmax>
            <ymax>196</ymax>
        </bndbox>
    </object>
    <object>
        <name>Face</name>
        <pose>Unspecified</pose>
        <truncated>0</truncated>
        <difficult>0</difficult>
        <bndbox>
            <xmin>163</xmin>
            <ymin>33</ymin>
            <xmax>261</xmax>
            <ymax>151</ymax>
        </bndbox>
    </object>
</annotation>