<annotation>
    <folder>images</folder>
    <filename>2002_07_25_big_img_529.jpg</filename>
    <source>
        <database>Unknown</database>
    </source>
    <size>
        <width>450</width>
        <height>326</height>
        <depth>3</depth>
    </size>
    <segmented>0</segmented>
    <object>
        <name>Face</name>
        <pose>Unspecified</pose>
        <truncated>0</truncated>
        <difficult>0</difficult>
        <bndbox>
            <xmin>233</xmin>
            <ymin>75</ymin>
            <xmax>353</xmax>
            <ymax>237</ymax>
        </bndbox>
    </object>
    <object>
        <name>Face</name>
        <pose>Unspecified</pose>
        <truncated>0</truncated>
        <difficult>0</difficult>
        <bndbox>
            <xmin>21</xmin>
            <ymin>8</ymin>
            <xmax>39</xmax>
            <ymax>32</ymax>
        </bndbox>
    </object>
    <object>
        <name>Face</name>
        <pose>Unspecified</pose>
        <truncated>0</truncated>
        <difficult>0</difficult>
        <bndbox>
            <xmin>86</xmin>
            <ymin>14</ymin>
            <xmax>104</xmax>
            <ymax>38</ymax>
        </bndbox>
    </object>
    <object>
        <name>Face</name>
        <pose>Unspecified</pose>
        <truncated>0</truncated>
        <difficult>0</difficult>
        <bndbox>
            <xmin>125</xmin>
            <ymin>3</ymin>
            <xmax>145</xmax>
            <ymax>29</ymax>
        </bndbox>
    </object>
    <object>
        <name>Face</name>
        <pose>Unspecified</pose>
        <truncated>0</truncated>
        <difficult>0</difficult>
        <bndbox>
            <xmin>172</xmin>
            <ymin>2</ymin>
            <xmax>192</xmax>
            <ymax>28</ymax>
        </bndbox>
    </object>
    <object>
        <name>Face</name>
        <pose>Unspecified</pose>
        <truncated>0</truncated>
        <difficult>0</difficult>
        <bndbox>
            <xmin>245</xmin>
            <ymin>11</ymin>
            <xmax>261</xmax>
            <ymax>33</ymax>
        </bndbox>
    </object>
    <object>
        <name>Face</name>
        <pose>Unspecified</pose>
        <truncated>0</truncated>
        <difficult>0</difficult>
        <bndbox>
            <xmin>292</xmin>
            <ymin>0</ymin>
            <xmax>310</xmax>
            <ymax>19</ymax>
        </bndbox>
    </object>
    <object>
        <name>Face</name>
        <pose>Unspecified</pose>
        <truncated>0</truncated>
        <difficult>0</difficult>
        <bndbox>
            <xmin>65</xmin>
            <ymin>52</ymin>
            <xmax>107</xmax>
            <ymax>112</ymax>
        </bndbox>
    </object>
    <object>
        <name>Face</name>
        <pose>Unspecified</pose>
        <truncated>0</truncated>
        <difficult>0</difficult>
        <bndbox>
            <xmin>352</xmin>
            <ymin>10</ymin>
            <xmax>364</xmax>
            <ymax>26</ymax>
        </bndbox>
    </object>
</annotation>