<annotation>
    <folder>images</folder>
    <filename>2002_07_22_big_img_49.jpg</filename>
    <source>
        <database>Unknown</database>
    </source>
    <size>
        <width>321</width>
        <height>450</height>
        <depth>3</depth>
    </size>
    <segmented>0</segmented>
    <object>
        <name>Face</name>
        <pose>Unspecified</pose>
        <truncated>0</truncated>
        <difficult>0</difficult>
        <bndbox>
            <xmin>49</xmin>
            <ymin>149</ymin>
            <xmax>151</xmax>
            <ymax>299</ymax>
        </bndbox>
    </object>
    <object>
        <name>Face</name>
        <pose>Unspecified</pose>
        <truncated>0</truncated>
        <difficult>0</difficult>
        <bndbox>
            <xmin>185</xmin>
            <ymin>27</ymin>
            <xmax>291</xmax>
            <ymax>165</ymax>
        </bndbox>
    </object>
</annotation>