<annotation>
    <folder>images</folder>
    <filename>2002_07_22_big_img_554.jpg</filename>
    <source>
        <database>Unknown</database>
    </source>
    <size>
        <width>450</width>
        <height>308</height>
        <depth>3</depth>
    </size>
    <segmented>0</segmented>
    <object>
        <name>Face</name>
        <pose>Unspecified</pose>
        <truncated>0</truncated>
        <difficult>0</difficult>
        <bndbox>
            <xmin>27</xmin>
            <ymin>10</ymin>
            <xmax>83</xmax>
            <ymax>84</ymax>
        </bndbox>
    </object>
    <object>
        <name>Face</name>
        <pose>Unspecified</pose>
        <truncated>0</truncated>
        <difficult>0</difficult>
        <bndbox>
            <xmin>182</xmin>
            <ymin>27</ymin>
            <xmax>246</xmax>
            <ymax>109</ymax>
        </bndbox>
    </object>
    <object>
        <name>Face</name>
        <pose>Unspecified</pose>
        <truncated>0</truncated>
        <difficult>0</difficult>
        <bndbox>
            <xmin>340</xmin>
            <ymin>15</ymin>
            <xmax>404</xmax>
            <ymax>97</ymax>
        </bndbox>
    </object>
    <object>
        <name>Face</name>
        <pose>Unspecified</pose>
        <truncated>0</truncated>
        <difficult>0</difficult>
        <bndbox>
            <xmin>396</xmin>
            <ymin>163</ymin>
            <xmax>449</xmax>
            <ymax>239</ymax>
        </bndbox>
    </object>
    <object>
        <name>Face</name>
        <pose>Unspecified</pose>
        <truncated>0</truncated>
        <difficult>0</difficult>
        <bndbox>
            <xmin>299</xmin>
            <ymin>33</ymin>
            <xmax>357</xmax>
            <ymax>103</ymax>
        </bndbox>
    </object>
    <object>
        <name>Face</name>
        <pose>Unspecified</pose>
        <truncated>0</truncated>
        <difficult>0</difficult>
        <bndbox>
            <xmin>254</xmin>
            <ymin>0</ymin>
            <xmax>302</xmax>
            <ymax>61</ymax>
        </bndbox>
    </object>
    <object>
        <name>Face</name>
        <pose>Unspecified</pose>
        <truncated>0</truncated>
        <difficult>0</difficult>
        <bndbox>
            <xmin>390</xmin>
            <ymin>1</ymin>
            <xmax>432</xmax>
            <ymax>55</ymax>
        </bndbox>
    </object>
</annotation>