<annotation>
    <folder>images</folder>
    <filename>2002_07_23_big_img_183.jpg</filename>
    <source>
        <database>Unknown</database>
    </source>
    <size>
        <width>358</width>
        <height>450</height>
        <depth>3</depth>
    </size>
    <segmented>0</segmented>
    <object>
        <name>Face</name>
        <pose>Unspecified</pose>
        <truncated>0</truncated>
        <difficult>0</difficult>
        <bndbox>
            <xmin>279</xmin>
            <ymin>77</ymin>
            <xmax>357</xmax>
            <ymax>207</ymax>
        </bndbox>
    </object>
    <object>
        <name>Face</name>
        <pose>Unspecified</pose>
        <truncated>0</truncated>
        <difficult>0</difficult>
        <bndbox>
            <xmin>64</xmin>
            <ymin>47</ymin>
            <xmax>160</xmax>
            <ymax>179</ymax>
        </bndbox>
    </object>
</annotation>