<annotation>
    <folder>images</folder>
    <filename>2002_07_22_big_img_901.jpg</filename>
    <source>
        <database>Unknown</database>
    </source>
    <size>
        <width>362</width>
        <height>449</height>
        <depth>3</depth>
    </size>
    <segmented>0</segmented>
    <object>
        <name>Face</name>
        <pose>Unspecified</pose>
        <truncated>0</truncated>
        <difficult>0</difficult>
        <bndbox>
            <xmin>40</xmin>
            <ymin>28</ymin>
            <xmax>168</xmax>
            <ymax>196</ymax>
        </bndbox>
    </object>
    <object>
        <name>Face</name>
        <pose>Unspecified</pose>
        <truncated>0</truncated>
        <difficult>0</difficult>
        <bndbox>
            <xmin>190</xmin>
            <ymin>56</ymin>
            <xmax>296</xmax>
            <ymax>214</ymax>
        </bndbox>
    </object>
</annotation>