<annotation>
    <folder>images</folder>
    <filename>2002_07_25_big_img_202.jpg</filename>
    <source>
        <database>Unknown</database>
    </source>
    <size>
        <width>450</width>
        <height>355</height>
        <depth>3</depth>
    </size>
    <segmented>0</segmented>
    <object>
        <name>Face</name>
        <pose>Unspecified</pose>
        <truncated>0</truncated>
        <difficult>0</difficult>
        <bndbox>
            <xmin>145</xmin>
            <ymin>37</ymin>
            <xmax>249</xmax>
            <ymax>165</ymax>
        </bndbox>
    </object>
    <object>
        <name>Face</name>
        <pose>Unspecified</pose>
        <truncated>0</truncated>
        <difficult>0</difficult>
        <bndbox>
            <xmin>297</xmin>
            <ymin>21</ymin>
            <xmax>385</xmax>
            <ymax>141</ymax>
        </bndbox>
    </object>
</annotation>