<annotation>
    <folder>images</folder>
    <filename>2002_07_23_big_img_808.jpg</filename>
    <source>
        <database>Unknown</database>
    </source>
    <size>
        <width>450</width>
        <height>333</height>
        <depth>3</depth>
    </size>
    <segmented>0</segmented>
    <object>
        <name>Face</name>
        <pose>Unspecified</pose>
        <truncated>0</truncated>
        <difficult>0</difficult>
        <bndbox>
            <xmin>109</xmin>
            <ymin>13</ymin>
            <xmax>227</xmax>
            <ymax>193</ymax>
        </bndbox>
    </object>
    <object>
        <name>Face</name>
        <pose>Unspecified</pose>
        <truncated>0</truncated>
        <difficult>0</difficult>
        <bndbox>
            <xmin>300</xmin>
            <ymin>113</ymin>
            <xmax>344</xmax>
            <ymax>171</ymax>
        </bndbox>
    </object>
    <object>
        <name>Face</name>
        <pose>Unspecified</pose>
        <truncated>0</truncated>
        <difficult>0</difficult>
        <bndbox>
            <xmin>360</xmin>
            <ymin>123</ymin>
            <xmax>410</xmax>
            <ymax>195</ymax>
        </bndbox>
    </object>
</annotation>