<annotation>
    <folder>images</folder>
    <filename>2002_07_24_big_img_864.jpg</filename>
    <source>
        <database>Unknown</database>
    </source>
    <size>
        <width>301</width>
        <height>450</height>
        <depth>3</depth>
    </size>
    <segmented>0</segmented>
    <object>
        <name>Face</name>
        <pose>Unspecified</pose>
        <truncated>0</truncated>
        <difficult>0</difficult>
        <bndbox>
            <xmin>8</xmin>
            <ymin>94</ymin>
            <xmax>96</xmax>
            <ymax>220</ymax>
        </bndbox>
    </object>
    <object>
        <name>Face</name>
        <pose>Unspecified</pose>
        <truncated>0</truncated>
        <difficult>0</difficult>
        <bndbox>
            <xmin>153</xmin>
            <ymin>26</ymin>
            <xmax>241</xmax>
            <ymax>148</ymax>
        </bndbox>
    </object>
</annotation>