<annotation>
    <folder>images</folder>
    <filename>2002_07_24_big_img_613.jpg</filename>
    <source>
        <database>Unknown</database>
    </source>
    <size>
        <width>301</width>
        <height>450</height>
        <depth>3</depth>
    </size>
    <segmented>0</segmented>
    <object>
        <name>Face</name>
        <pose>Unspecified</pose>
        <truncated>0</truncated>
        <difficult>0</difficult>
        <bndbox>
            <xmin>99</xmin>
            <ymin>32</ymin>
            <xmax>187</xmax>
            <ymax>156</ymax>
        </bndbox>
    </object>
    <object>
        <name>Face</name>
        <pose>Unspecified</pose>
        <truncated>0</truncated>
        <difficult>0</difficult>
        <bndbox>
            <xmin>2</xmin>
            <ymin>134</ymin>
            <xmax>44</xmax>
            <ymax>192</ymax>
        </bndbox>
    </object>
    <object>
        <name>Face</name>
        <pose>Unspecified</pose>
        <truncated>0</truncated>
        <difficult>0</difficult>
        <bndbox>
            <xmin>238</xmin>
            <ymin>132</ymin>
            <xmax>272</xmax>
            <ymax>172</ymax>
        </bndbox>
    </object>
</annotation>