<annotation>
    <folder>images</folder>
    <filename>2002_07_23_big_img_339.jpg</filename>
    <source>
        <database>Unknown</database>
    </source>
    <size>
        <width>448</width>
        <height>450</height>
        <depth>3</depth>
    </size>
    <segmented>0</segmented>
    <object>
        <name>Face</name>
        <pose>Unspecified</pose>
        <truncated>0</truncated>
        <difficult>0</difficult>
        <bndbox>
            <xmin>120</xmin>
            <ymin>13</ymin>
            <xmax>224</xmax>
            <ymax>177</ymax>
        </bndbox>
    </object>
</annotation>