<annotation>
    <folder>images</folder>
    <filename>2002_07_19_big_img_726.jpg</filename>
    <source>
        <database>Unknown</database>
    </source>
    <size>
        <width>450</width>
        <height>296</height>
        <depth>3</depth>
    </size>
    <segmented>0</segmented>
    <object>
        <name>Face</name>
        <pose>Unspecified</pose>
        <truncated>0</truncated>
        <difficult>0</difficult>
        <bndbox>
            <xmin>79</xmin>
            <ymin>39</ymin>
            <xmax>171</xmax>
            <ymax>163</ymax>
        </bndbox>
    </object>
    <object>
        <name>Face</name>
        <pose>Unspecified</pose>
        <truncated>0</truncated>
        <difficult>0</difficult>
        <bndbox>
            <xmin>322</xmin>
            <ymin>30</ymin>
            <xmax>390</xmax>
            <ymax>124</ymax>
        </bndbox>
    </object>
    <object>
        <name>Face</name>
        <pose>Unspecified</pose>
        <truncated>0</truncated>
        <difficult>0</difficult>
        <bndbox>
            <xmin>405</xmin>
            <ymin>45</ymin>
            <xmax>449</xmax>
            <ymax>101</ymax>
        </bndbox>
    </object>
    <object>
        <name>Face</name>
        <pose>Unspecified</pose>
        <truncated>0</truncated>
        <difficult>0</difficult>
        <bndbox>
            <xmin>265</xmin>
            <ymin>55</ymin>
            <xmax>289</xmax>
            <ymax>81</ymax>
        </bndbox>
    </object>
</annotation>