<annotation>
    <folder>images</folder>
    <filename>2002_07_26_big_img_432.jpg</filename>
    <source>
        <database>Unknown</database>
    </source>
    <size>
        <width>450</width>
        <height>355</height>
        <depth>3</depth>
    </size>
    <segmented>0</segmented>
    <object>
        <name>Face</name>
        <pose>Unspecified</pose>
        <truncated>0</truncated>
        <difficult>0</difficult>
        <bndbox>
            <xmin>164</xmin>
            <ymin>41</ymin>
            <xmax>274</xmax>
            <ymax>185</ymax>
        </bndbox>
    </object>
</annotation>