<annotation>
    <folder>images</folder>
    <filename>2002_07_22_big_img_43.jpg</filename>
    <source>
        <database>Unknown</database>
    </source>
    <size>
        <width>450</width>
        <height>300</height>
        <depth>3</depth>
    </size>
    <segmented>0</segmented>
    <object>
        <name>Face</name>
        <pose>Unspecified</pose>
        <truncated>0</truncated>
        <difficult>0</difficult>
        <bndbox>
            <xmin>192</xmin>
            <ymin>42</ymin>
            <xmax>282</xmax>
            <ymax>166</ymax>
        </bndbox>
    </object>
</annotation>