<annotation>
    <folder>images</folder>
    <filename>2002_07_22_big_img_416.jpg</filename>
    <source>
        <database>Unknown</database>
    </source>
    <size>
        <width>450</width>
        <height>182</height>
        <depth>3</depth>
    </size>
    <segmented>0</segmented>
    <object>
        <name>Face</name>
        <pose>Unspecified</pose>
        <truncated>0</truncated>
        <difficult>0</difficult>
        <bndbox>
            <xmin>67</xmin>
            <ymin>19</ymin>
            <xmax>143</xmax>
            <ymax>125</ymax>
        </bndbox>
    </object>
</annotation>