<annotation>
    <folder>images</folder>
    <filename>2002_07_23_big_img_432.jpg</filename>
    <source>
        <database>Unknown</database>
    </source>
    <size>
        <width>384</width>
        <height>450</height>
        <depth>3</depth>
    </size>
    <segmented>0</segmented>
    <object>
        <name>Face</name>
        <pose>Unspecified</pose>
        <truncated>0</truncated>
        <difficult>0</difficult>
        <bndbox>
            <xmin>76</xmin>
            <ymin>31</ymin>
            <xmax>174</xmax>
            <ymax>161</ymax>
        </bndbox>
    </object>
    <object>
        <name>Face</name>
        <pose>Unspecified</pose>
        <truncated>0</truncated>
        <difficult>0</difficult>
        <bndbox>
            <xmin>235</xmin>
            <ymin>59</ymin>
            <xmax>331</xmax>
            <ymax>187</ymax>
        </bndbox>
    </object>
</annotation>