<annotation>
    <folder>images</folder>
    <filename>2002_07_20_big_img_719.jpg</filename>
    <source>
        <database>Unknown</database>
    </source>
    <size>
        <width>450</width>
        <height>318</height>
        <depth>3</depth>
    </size>
    <segmented>0</segmented>
    <object>
        <name>Face</name>
        <pose>Unspecified</pose>
        <truncated>0</truncated>
        <difficult>0</difficult>
        <bndbox>
            <xmin>47</xmin>
            <ymin>60</ymin>
            <xmax>141</xmax>
            <ymax>180</ymax>
        </bndbox>
    </object>
    <object>
        <name>Face</name>
        <pose>Unspecified</pose>
        <truncated>0</truncated>
        <difficult>0</difficult>
        <bndbox>
            <xmin>145</xmin>
            <ymin>34</ymin>
            <xmax>253</xmax>
            <ymax>170</ymax>
        </bndbox>
    </object>
    <object>
        <name>Face</name>
        <pose>Unspecified</pose>
        <truncated>0</truncated>
        <difficult>0</difficult>
        <bndbox>
            <xmin>327</xmin>
            <ymin>91</ymin>
            <xmax>429</xmax>
            <ymax>207</ymax>
        </bndbox>
    </object>
    <object>
        <name>Face</name>
        <pose>Unspecified</pose>
        <truncated>0</truncated>
        <difficult>0</difficult>
        <bndbox>
            <xmin>301</xmin>
            <ymin>69</ymin>
            <xmax>385</xmax>
            <ymax>181</ymax>
        </bndbox>
    </object>
</annotation>