<annotation>
    <folder>images</folder>
    <filename>2002_07_19_big_img_822.jpg</filename>
    <source>
        <database>Unknown</database>
    </source>
    <size>
        <width>368</width>
        <height>450</height>
        <depth>3</depth>
    </size>
    <segmented>0</segmented>
    <object>
        <name>Face</name>
        <pose>Unspecified</pose>
        <truncated>0</truncated>
        <difficult>0</difficult>
        <bndbox>
            <xmin>63</xmin>
            <ymin>58</ymin>
            <xmax>279</xmax>
            <ymax>328</ymax>
        </bndbox>
    </object>
</annotation>