<annotation>
    <folder>images</folder>
    <filename>2002_07_24_big_img_82.jpg</filename>
    <source>
        <database>Unknown</database>
    </source>
    <size>
        <width>290</width>
        <height>450</height>
        <depth>3</depth>
    </size>
    <segmented>0</segmented>
    <object>
        <name>Face</name>
        <pose>Unspecified</pose>
        <truncated>0</truncated>
        <difficult>0</difficult>
        <bndbox>
            <xmin>114</xmin>
            <ymin>7</ymin>
            <xmax>184</xmax>
            <ymax>111</ymax>
        </bndbox>
    </object>
</annotation>