<annotation>
    <folder>images</folder>
    <filename>2002_07_19_big_img_534.jpg</filename>
    <source>
        <database>Unknown</database>
    </source>
    <size>
        <width>450</width>
        <height>324</height>
        <depth>3</depth>
    </size>
    <segmented>0</segmented>
    <object>
        <name>Face</name>
        <pose>Unspecified</pose>
        <truncated>0</truncated>
        <difficult>0</difficult>
        <bndbox>
            <xmin>156</xmin>
            <ymin>68</ymin>
            <xmax>308</xmax>
            <ymax>268</ymax>
        </bndbox>
    </object>
</annotation>