<annotation>
    <folder>images</folder>
    <filename>2002_07_24_big_img_13.jpg</filename>
    <source>
        <database>Unknown</database>
    </source>
    <size>
        <width>449</width>
        <height>348</height>
        <depth>3</depth>
    </size>
    <segmented>0</segmented>
    <object>
        <name>Face</name>
        <pose>Unspecified</pose>
        <truncated>0</truncated>
        <difficult>0</difficult>
        <bndbox>
            <xmin>172</xmin>
            <ymin>29</ymin>
            <xmax>276</xmax>
            <ymax>169</ymax>
        </bndbox>
    </object>
</annotation>