<annotation>
    <folder>images</folder>
    <filename>2002_07_25_big_img_1029.jpg</filename>
    <source>
        <database>Unknown</database>
    </source>
    <size>
        <width>450</width>
        <height>377</height>
        <depth>3</depth>
    </size>
    <segmented>0</segmented>
    <object>
        <name>Face</name>
        <pose>Unspecified</pose>
        <truncated>0</truncated>
        <difficult>0</difficult>
        <bndbox>
            <xmin>304</xmin>
            <ymin>85</ymin>
            <xmax>388</xmax>
            <ymax>195</ymax>
        </bndbox>
    </object>
    <object>
        <name>Face</name>
        <pose>Unspecified</pose>
        <truncated>0</truncated>
        <difficult>0</difficult>
        <bndbox>
            <xmin>102</xmin>
            <ymin>33</ymin>
            <xmax>206</xmax>
            <ymax>175</ymax>
        </bndbox>
    </object>
</annotation>