<annotation>
    <folder>images</folder>
    <filename>2002_07_23_big_img_249.jpg</filename>
    <source>
        <database>Unknown</database>
    </source>
    <size>
        <width>301</width>
        <height>450</height>
        <depth>3</depth>
    </size>
    <segmented>0</segmented>
    <object>
        <name>Face</name>
        <pose>Unspecified</pose>
        <truncated>0</truncated>
        <difficult>0</difficult>
        <bndbox>
            <xmin>66</xmin>
            <ymin>27</ymin>
            <xmax>268</xmax>
            <ymax>299</ymax>
        </bndbox>
    </object>
</annotation>