<annotation>
    <folder>images</folder>
    <filename>2002_07_20_big_img_547.jpg</filename>
    <source>
        <database>Unknown</database>
    </source>
    <size>
        <width>450</width>
        <height>295</height>
        <depth>3</depth>
    </size>
    <segmented>0</segmented>
    <object>
        <name>Face</name>
        <pose>Unspecified</pose>
        <truncated>0</truncated>
        <difficult>0</difficult>
        <bndbox>
            <xmin>173</xmin>
            <ymin>46</ymin>
            <xmax>265</xmax>
            <ymax>178</ymax>
        </bndbox>
    </object>
</annotation>