<annotation>
    <folder>images</folder>
    <filename>2002_07_26_big_img_660.jpg</filename>
    <source>
        <database>Unknown</database>
    </source>
    <size>
        <width>292</width>
        <height>449</height>
        <depth>3</depth>
    </size>
    <segmented>0</segmented>
    <object>
        <name>Face</name>
        <pose>Unspecified</pose>
        <truncated>0</truncated>
        <difficult>0</difficult>
        <bndbox>
            <xmin>61</xmin>
            <ymin>77</ymin>
            <xmax>253</xmax>
            <ymax>357</ymax>
        </bndbox>
    </object>
</annotation>