<annotation>
    <folder>images</folder>
    <filename>2002_07_22_big_img_522.jpg</filename>
    <source>
        <database>Unknown</database>
    </source>
    <size>
        <width>308</width>
        <height>450</height>
        <depth>3</depth>
    </size>
    <segmented>0</segmented>
    <object>
        <name>Face</name>
        <pose>Unspecified</pose>
        <truncated>0</truncated>
        <difficult>0</difficult>
        <bndbox>
            <xmin>151</xmin>
            <ymin>95</ymin>
            <xmax>189</xmax>
            <ymax>145</ymax>
        </bndbox>
    </object>
    <object>
        <name>Face</name>
        <pose>Unspecified</pose>
        <truncated>0</truncated>
        <difficult>0</difficult>
        <bndbox>
            <xmin>0</xmin>
            <ymin>117</ymin>
            <xmax>85</xmax>
            <ymax>253</ymax>
        </bndbox>
    </object>
</annotation>