<annotation>
    <folder>images</folder>
    <filename>2002_07_19_big_img_423.jpg</filename>
    <source>
        <database>Unknown</database>
    </source>
    <size>
        <width>449</width>
        <height>450</height>
        <depth>3</depth>
    </size>
    <segmented>0</segmented>
    <object>
        <name>Face</name>
        <pose>Unspecified</pose>
        <truncated>0</truncated>
        <difficult>0</difficult>
        <bndbox>
            <xmin>196</xmin>
            <ymin>57</ymin>
            <xmax>314</xmax>
            <ymax>209</ymax>
        </bndbox>
    </object>
</annotation>