<annotation>
    <folder>images</folder>
    <filename>2002_07_25_big_img_176.jpg</filename>
    <source>
        <database>Unknown</database>
    </source>
    <size>
        <width>450</width>
        <height>328</height>
        <depth>3</depth>
    </size>
    <segmented>0</segmented>
    <object>
        <name>Face</name>
        <pose>Unspecified</pose>
        <truncated>0</truncated>
        <difficult>0</difficult>
        <bndbox>
            <xmin>101</xmin>
            <ymin>23</ymin>
            <xmax>193</xmax>
            <ymax>163</ymax>
        </bndbox>
    </object>
</annotation>