<annotation>
    <folder>images</folder>
    <filename>2002_07_22_big_img_279.jpg</filename>
    <source>
        <database>Unknown</database>
    </source>
    <size>
        <width>381</width>
        <height>450</height>
        <depth>3</depth>
    </size>
    <segmented>0</segmented>
    <object>
        <name>Face</name>
        <pose>Unspecified</pose>
        <truncated>0</truncated>
        <difficult>0</difficult>
        <bndbox>
            <xmin>146</xmin>
            <ymin>39</ymin>
            <xmax>220</xmax>
            <ymax>141</ymax>
        </bndbox>
    </object>
    <object>
        <name>Face</name>
        <pose>Unspecified</pose>
        <truncated>0</truncated>
        <difficult>0</difficult>
        <bndbox>
            <xmin>144</xmin>
            <ymin>161</ymin>
            <xmax>222</xmax>
            <ymax>255</ymax>
        </bndbox>
    </object>
</annotation>