<annotation>
    <folder>images</folder>
    <filename>2002_07_25_big_img_520.jpg</filename>
    <source>
        <database>Unknown</database>
    </source>
    <size>
        <width>350</width>
        <height>450</height>
        <depth>3</depth>
    </size>
    <segmented>0</segmented>
    <object>
        <name>Face</name>
        <pose>Unspecified</pose>
        <truncated>0</truncated>
        <difficult>0</difficult>
        <bndbox>
            <xmin>138</xmin>
            <ymin>91</ymin>
            <xmax>222</xmax>
            <ymax>199</ymax>
        </bndbox>
    </object>
    <object>
        <name>Face</name>
        <pose>Unspecified</pose>
        <truncated>0</truncated>
        <difficult>0</difficult>
        <bndbox>
            <xmin>3</xmin>
            <ymin>296</ymin>
            <xmax>43</xmax>
            <ymax>352</ymax>
        </bndbox>
    </object>
    <object>
        <name>Face</name>
        <pose>Unspecified</pose>
        <truncated>0</truncated>
        <difficult>0</difficult>
        <bndbox>
            <xmin>322</xmin>
            <ymin>295</ymin>
            <xmax>349</xmax>
            <ymax>343</ymax>
        </bndbox>
    </object>
</annotation>