<annotation>
    <folder>images</folder>
    <filename>2002_07_26_big_img_745.jpg</filename>
    <source>
        <database>Unknown</database>
    </source>
    <size>
        <width>450</width>
        <height>301</height>
        <depth>3</depth>
    </size>
    <segmented>0</segmented>
    <object>
        <name>Face</name>
        <pose>Unspecified</pose>
        <truncated>0</truncated>
        <difficult>0</difficult>
        <bndbox>
            <xmin>149</xmin>
            <ymin>37</ymin>
            <xmax>271</xmax>
            <ymax>201</ymax>
        </bndbox>
    </object>
</annotation>