<annotation>
    <folder>images</folder>
    <filename>2002_07_22_big_img_9.jpg</filename>
    <source>
        <database>Unknown</database>
    </source>
    <size>
        <width>352</width>
        <height>450</height>
        <depth>3</depth>
    </size>
    <segmented>0</segmented>
    <object>
        <name>Face</name>
        <pose>Unspecified</pose>
        <truncated>0</truncated>
        <difficult>0</difficult>
        <bndbox>
            <xmin>35</xmin>
            <ymin>34</ymin>
            <xmax>131</xmax>
            <ymax>162</ymax>
        </bndbox>
    </object>
    <object>
        <name>Face</name>
        <pose>Unspecified</pose>
        <truncated>0</truncated>
        <difficult>0</difficult>
        <bndbox>
            <xmin>199</xmin>
            <ymin>41</ymin>
            <xmax>289</xmax>
            <ymax>163</ymax>
        </bndbox>
    </object>
</annotation>