<annotation>
    <folder>images</folder>
    <filename>2002_07_22_big_img_835.jpg</filename>
    <source>
        <database>Unknown</database>
    </source>
    <size>
        <width>373</width>
        <height>450</height>
        <depth>3</depth>
    </size>
    <segmented>0</segmented>
    <object>
        <name>Face</name>
        <pose>Unspecified</pose>
        <truncated>0</truncated>
        <difficult>0</difficult>
        <bndbox>
            <xmin>27</xmin>
            <ymin>29</ymin>
            <xmax>139</xmax>
            <ymax>197</ymax>
        </bndbox>
    </object>
    <object>
        <name>Face</name>
        <pose>Unspecified</pose>
        <truncated>0</truncated>
        <difficult>0</difficult>
        <bndbox>
            <xmin>227</xmin>
            <ymin>29</ymin>
            <xmax>339</xmax>
            <ymax>177</ymax>
        </bndbox>
    </object>
</annotation>