<annotation>
    <folder>images</folder>
    <filename>2002_07_22_big_img_167.jpg</filename>
    <source>
        <database>Unknown</database>
    </source>
    <size>
        <width>450</width>
        <height>324</height>
        <depth>3</depth>
    </size>
    <segmented>0</segmented>
    <object>
        <name>Face</name>
        <pose>Unspecified</pose>
        <truncated>0</truncated>
        <difficult>0</difficult>
        <bndbox>
            <xmin>130</xmin>
            <ymin>0</ymin>
            <xmax>290</xmax>
            <ymax>215</ymax>
        </bndbox>
    </object>
</annotation>