<annotation>
    <folder>images</folder>
    <filename>2002_07_23_big_img_138.jpg</filename>
    <source>
        <database>Unknown</database>
    </source>
    <size>
        <width>450</width>
        <height>304</height>
        <depth>3</depth>
    </size>
    <segmented>0</segmented>
    <object>
        <name>Face</name>
        <pose>Unspecified</pose>
        <truncated>0</truncated>
        <difficult>0</difficult>
        <bndbox>
            <xmin>210</xmin>
            <ymin>152</ymin>
            <xmax>290</xmax>
            <ymax>260</ymax>
        </bndbox>
    </object>
    <object>
        <name>Face</name>
        <pose>Unspecified</pose>
        <truncated>0</truncated>
        <difficult>0</difficult>
        <bndbox>
            <xmin>0</xmin>
            <ymin>0</ymin>
            <xmax>228</xmax>
            <ymax>289</ymax>
        </bndbox>
    </object>
    <object>
        <name>Face</name>
        <pose>Unspecified</pose>
        <truncated>0</truncated>
        <difficult>0</difficult>
        <bndbox>
            <xmin>273</xmin>
            <ymin>0</ymin>
            <xmax>425</xmax>
            <ymax>195</ymax>
        </bndbox>
    </object>
</annotation>