<annotation>
    <folder>images</folder>
    <filename>2002_07_26_big_img_402.jpg</filename>
    <source>
        <database>Unknown</database>
    </source>
    <size>
        <width>450</width>
        <height>337</height>
        <depth>3</depth>
    </size>
    <segmented>0</segmented>
    <object>
        <name>Face</name>
        <pose>Unspecified</pose>
        <truncated>0</truncated>
        <difficult>0</difficult>
        <bndbox>
            <xmin>105</xmin>
            <ymin>21</ymin>
            <xmax>175</xmax>
            <ymax>115</ymax>
        </bndbox>
    </object>
    <object>
        <name>Face</name>
        <pose>Unspecified</pose>
        <truncated>0</truncated>
        <difficult>0</difficult>
        <bndbox>
            <xmin>286</xmin>
            <ymin>10</ymin>
            <xmax>354</xmax>
            <ymax>104</ymax>
        </bndbox>
    </object>
    <object>
        <name>Face</name>
        <pose>Unspecified</pose>
        <truncated>0</truncated>
        <difficult>0</difficult>
        <bndbox>
            <xmin>384</xmin>
            <ymin>0</ymin>
            <xmax>444</xmax>
            <ymax>75</ymax>
        </bndbox>
    </object>
    <object>
        <name>Face</name>
        <pose>Unspecified</pose>
        <truncated>0</truncated>
        <difficult>0</difficult>
        <bndbox>
            <xmin>0</xmin>
            <ymin>17</ymin>
            <xmax>26</xmax>
            <ymax>85</ymax>
        </bndbox>
    </object>
</annotation>