<annotation>
    <folder>images</folder>
    <filename>2002_07_25_big_img_934.jpg</filename>
    <source>
        <database>Unknown</database>
    </source>
    <size>
        <width>335</width>
        <height>450</height>
        <depth>3</depth>
    </size>
    <segmented>0</segmented>
    <object>
        <name>Face</name>
        <pose>Unspecified</pose>
        <truncated>0</truncated>
        <difficult>0</difficult>
        <bndbox>
            <xmin>195</xmin>
            <ymin>72</ymin>
            <xmax>321</xmax>
            <ymax>234</ymax>
        </bndbox>
    </object>
    <object>
        <name>Face</name>
        <pose>Unspecified</pose>
        <truncated>0</truncated>
        <difficult>0</difficult>
        <bndbox>
            <xmin>49</xmin>
            <ymin>34</ymin>
            <xmax>189</xmax>
            <ymax>218</ymax>
        </bndbox>
    </object>
</annotation>