<annotation>
    <folder>images</folder>
    <filename>2002_07_27_big_img_1008.jpg</filename>
    <source>
        <database>Unknown</database>
    </source>
    <size>
        <width>302</width>
        <height>450</height>
        <depth>3</depth>
    </size>
    <segmented>0</segmented>
    <object>
        <name>Face</name>
        <pose>Unspecified</pose>
        <truncated>0</truncated>
        <difficult>0</difficult>
        <bndbox>
            <xmin>113</xmin>
            <ymin>22</ymin>
            <xmax>189</xmax>
            <ymax>124</ymax>
        </bndbox>
    </object>
</annotation>