<annotation>
    <folder>images</folder>
    <filename>2002_07_25_big_img_175.jpg</filename>
    <source>
        <database>Unknown</database>
    </source>
    <size>
        <width>450</width>
        <height>343</height>
        <depth>3</depth>
    </size>
    <segmented>0</segmented>
    <object>
        <name>Face</name>
        <pose>Unspecified</pose>
        <truncated>0</truncated>
        <difficult>0</difficult>
        <bndbox>
            <xmin>27</xmin>
            <ymin>19</ymin>
            <xmax>97</xmax>
            <ymax>111</ymax>
        </bndbox>
    </object>
    <object>
        <name>Face</name>
        <pose>Unspecified</pose>
        <truncated>0</truncated>
        <difficult>0</difficult>
        <bndbox>
            <xmin>134</xmin>
            <ymin>22</ymin>
            <xmax>200</xmax>
            <ymax>102</ymax>
        </bndbox>
    </object>
    <object>
        <name>Face</name>
        <pose>Unspecified</pose>
        <truncated>0</truncated>
        <difficult>0</difficult>
        <bndbox>
            <xmin>235</xmin>
            <ymin>63</ymin>
            <xmax>297</xmax>
            <ymax>143</ymax>
        </bndbox>
    </object>
    <object>
        <name>Face</name>
        <pose>Unspecified</pose>
        <truncated>0</truncated>
        <difficult>0</difficult>
        <bndbox>
            <xmin>248</xmin>
            <ymin>121</ymin>
            <xmax>312</xmax>
            <ymax>207</ymax>
        </bndbox>
    </object>
    <object>
        <name>Face</name>
        <pose>Unspecified</pose>
        <truncated>0</truncated>
        <difficult>0</difficult>
        <bndbox>
            <xmin>392</xmin>
            <ymin>138</ymin>
            <xmax>450</xmax>
            <ymax>216</ymax>
        </bndbox>
    </object>
    <object>
        <name>Face</name>
        <pose>Unspecified</pose>
        <truncated>0</truncated>
        <difficult>0</difficult>
        <bndbox>
            <xmin>366</xmin>
            <ymin>34</ymin>
            <xmax>412</xmax>
            <ymax>88</ymax>
        </bndbox>
    </object>
    <object>
        <name>Face</name>
        <pose>Unspecified</pose>
        <truncated>0</truncated>
        <difficult>0</difficult>
        <bndbox>
            <xmin>423</xmin>
            <ymin>51</ymin>
            <xmax>449</xmax>
            <ymax>93</ymax>
        </bndbox>
    </object>
</annotation>