<annotation>
    <folder>images</folder>
    <filename>2002_07_20_big_img_708.jpg</filename>
    <source>
        <database>Unknown</database>
    </source>
    <size>
        <width>450</width>
        <height>372</height>
        <depth>3</depth>
    </size>
    <segmented>0</segmented>
    <object>
        <name>Face</name>
        <pose>Unspecified</pose>
        <truncated>0</truncated>
        <difficult>0</difficult>
        <bndbox>
            <xmin>74</xmin>
            <ymin>47</ymin>
            <xmax>202</xmax>
            <ymax>211</ymax>
        </bndbox>
    </object>
    <object>
        <name>Face</name>
        <pose>Unspecified</pose>
        <truncated>0</truncated>
        <difficult>0</difficult>
        <bndbox>
            <xmin>253</xmin>
            <ymin>39</ymin>
            <xmax>369</xmax>
            <ymax>195</ymax>
        </bndbox>
    </object>
    <object>
        <name>Face</name>
        <pose>Unspecified</pose>
        <truncated>0</truncated>
        <difficult>0</difficult>
        <bndbox>
            <xmin>0</xmin>
            <ymin>76</ymin>
            <xmax>79</xmax>
            <ymax>210</ymax>
        </bndbox>
    </object>
    <object>
        <name>Face</name>
        <pose>Unspecified</pose>
        <truncated>0</truncated>
        <difficult>0</difficult>
        <bndbox>
            <xmin>144</xmin>
            <ymin>0</ymin>
            <xmax>234</xmax>
            <ymax>117</ymax>
        </bndbox>
    </object>
</annotation>