<annotation>
    <folder>images</folder>
    <filename>2002_07_19_big_img_854.jpg</filename>
    <source>
        <database>Unknown</database>
    </source>
    <size>
        <width>308</width>
        <height>450</height>
        <depth>3</depth>
    </size>
    <segmented>0</segmented>
    <object>
        <name>Face</name>
        <pose>Unspecified</pose>
        <truncated>0</truncated>
        <difficult>0</difficult>
        <bndbox>
            <xmin>127</xmin>
            <ymin>41</ymin>
            <xmax>209</xmax>
            <ymax>149</ymax>
        </bndbox>
    </object>
</annotation>