<annotation>
    <folder>images</folder>
    <filename>2002_07_24_big_img_41.jpg</filename>
    <source>
        <database>Unknown</database>
    </source>
    <size>
        <width>387</width>
        <height>450</height>
        <depth>3</depth>
    </size>
    <segmented>0</segmented>
    <object>
        <name>Face</name>
        <pose>Unspecified</pose>
        <truncated>0</truncated>
        <difficult>0</difficult>
        <bndbox>
            <xmin>45</xmin>
            <ymin>32</ymin>
            <xmax>117</xmax>
            <ymax>138</ymax>
        </bndbox>
    </object>
    <object>
        <name>Face</name>
        <pose>Unspecified</pose>
        <truncated>0</truncated>
        <difficult>0</difficult>
        <bndbox>
            <xmin>184</xmin>
            <ymin>30</ymin>
            <xmax>248</xmax>
            <ymax>130</ymax>
        </bndbox>
    </object>
</annotation>