<annotation>
    <folder>images</folder>
    <filename>2002_07_20_big_img_610.jpg</filename>
    <source>
        <database>Unknown</database>
    </source>
    <size>
        <width>450</width>
        <height>316</height>
        <depth>3</depth>
    </size>
    <segmented>0</segmented>
    <object>
        <name>Face</name>
        <pose>Unspecified</pose>
        <truncated>0</truncated>
        <difficult>0</difficult>
        <bndbox>
            <xmin>57</xmin>
            <ymin>160</ymin>
            <xmax>143</xmax>
            <ymax>270</ymax>
        </bndbox>
    </object>
</annotation>