<annotation>
    <folder>images</folder>
    <filename>2002_07_22_big_img_607.jpg</filename>
    <source>
        <database>Unknown</database>
    </source>
    <size>
        <width>333</width>
        <height>450</height>
        <depth>3</depth>
    </size>
    <segmented>0</segmented>
    <object>
        <name>Face</name>
        <pose>Unspecified</pose>
        <truncated>0</truncated>
        <difficult>0</difficult>
        <bndbox>
            <xmin>67</xmin>
            <ymin>38</ymin>
            <xmax>247</xmax>
            <ymax>278</ymax>
        </bndbox>
    </object>
    <object>
        <name>Face</name>
        <pose>Unspecified</pose>
        <truncated>0</truncated>
        <difficult>0</difficult>
        <bndbox>
            <xmin>194</xmin>
            <ymin>104</ymin>
            <xmax>318</xmax>
            <ymax>268</ymax>
        </bndbox>
    </object>
</annotation>