<annotation>
    <folder>images</folder>
    <filename>2002_07_27_big_img_1024.jpg</filename>
    <source>
        <database>Unknown</database>
    </source>
    <size>
        <width>450</width>
        <height>328</height>
        <depth>3</depth>
    </size>
    <segmented>0</segmented>
    <object>
        <name>Face</name>
        <pose>Unspecified</pose>
        <truncated>0</truncated>
        <difficult>0</difficult>
        <bndbox>
            <xmin>242</xmin>
            <ymin>16</ymin>
            <xmax>338</xmax>
            <ymax>140</ymax>
        </bndbox>
    </object>
</annotation>