<annotation>
    <folder>images</folder>
    <filename>2002_07_27_big_img_1069.jpg</filename>
    <source>
        <database>Unknown</database>
    </source>
    <size>
        <width>450</width>
        <height>351</height>
        <depth>3</depth>
    </size>
    <segmented>0</segmented>
    <object>
        <name>Face</name>
        <pose>Unspecified</pose>
        <truncated>0</truncated>
        <difficult>0</difficult>
        <bndbox>
            <xmin>194</xmin>
            <ymin>33</ymin>
            <xmax>264</xmax>
            <ymax>127</ymax>
        </bndbox>
    </object>
    <object>
        <name>Face</name>
        <pose>Unspecified</pose>
        <truncated>0</truncated>
        <difficult>0</difficult>
        <bndbox>
            <xmin>328</xmin>
            <ymin>14</ymin>
            <xmax>402</xmax>
            <ymax>112</ymax>
        </bndbox>
    </object>
    <object>
        <name>Face</name>
        <pose>Unspecified</pose>
        <truncated>0</truncated>
        <difficult>0</difficult>
        <bndbox>
            <xmin>291</xmin>
            <ymin>50</ymin>
            <xmax>345</xmax>
            <ymax>118</ymax>
        </bndbox>
    </object>
    <object>
        <name>Face</name>
        <pose>Unspecified</pose>
        <truncated>0</truncated>
        <difficult>0</difficult>
        <bndbox>
            <xmin>151</xmin>
            <ymin>61</ymin>
            <xmax>183</xmax>
            <ymax>103</ymax>
        </bndbox>
    </object>
    <object>
        <name>Face</name>
        <pose>Unspecified</pose>
        <truncated>0</truncated>
        <difficult>0</difficult>
        <bndbox>
            <xmin>252</xmin>
            <ymin>67</ymin>
            <xmax>294</xmax>
            <ymax>121</ymax>
        </bndbox>
    </object>
</annotation>