<annotation>
    <folder>images</folder>
    <filename>2002_07_25_big_img_612.jpg</filename>
    <source>
        <database>Unknown</database>
    </source>
    <size>
        <width>450</width>
        <height>355</height>
        <depth>3</depth>
    </size>
    <segmented>0</segmented>
    <object>
        <name>Face</name>
        <pose>Unspecified</pose>
        <truncated>0</truncated>
        <difficult>0</difficult>
        <bndbox>
            <xmin>154</xmin>
            <ymin>27</ymin>
            <xmax>266</xmax>
            <ymax>183</ymax>
        </bndbox>
    </object>
</annotation>