<annotation>
    <folder>images</folder>
    <filename>2002_07_21_big_img_637.jpg</filename>
    <source>
        <database>Unknown</database>
    </source>
    <size>
        <width>449</width>
        <height>299</height>
        <depth>3</depth>
    </size>
    <segmented>0</segmented>
    <object>
        <name>Face</name>
        <pose>Unspecified</pose>
        <truncated>0</truncated>
        <difficult>0</difficult>
        <bndbox>
            <xmin>153</xmin>
            <ymin>0</ymin>
            <xmax>259</xmax>
            <ymax>147</ymax>
        </bndbox>
    </object>
</annotation>