<annotation>
    <folder>images</folder>
    <filename>2002_07_19_big_img_582.jpg</filename>
    <source>
        <database>Unknown</database>
    </source>
    <size>
        <width>391</width>
        <height>449</height>
        <depth>3</depth>
    </size>
    <segmented>0</segmented>
    <object>
        <name>Face</name>
        <pose>Unspecified</pose>
        <truncated>0</truncated>
        <difficult>0</difficult>
        <bndbox>
            <xmin>144</xmin>
            <ymin>22</ymin>
            <xmax>260</xmax>
            <ymax>174</ymax>
        </bndbox>
    </object>
    <object>
        <name>Face</name>
        <pose>Unspecified</pose>
        <truncated>0</truncated>
        <difficult>0</difficult>
        <bndbox>
            <xmin>59</xmin>
            <ymin>120</ymin>
            <xmax>135</xmax>
            <ymax>232</ymax>
        </bndbox>
    </object>
</annotation>