<annotation>
    <folder>images</folder>
    <filename>2002_07_22_big_img_793.jpg</filename>
    <source>
        <database>Unknown</database>
    </source>
    <size>
        <width>305</width>
        <height>449</height>
        <depth>3</depth>
    </size>
    <segmented>0</segmented>
    <object>
        <name>Face</name>
        <pose>Unspecified</pose>
        <truncated>0</truncated>
        <difficult>0</difficult>
        <bndbox>
            <xmin>42</xmin>
            <ymin>16</ymin>
            <xmax>140</xmax>
            <ymax>148</ymax>
        </bndbox>
    </object>
    <object>
        <name>Face</name>
        <pose>Unspecified</pose>
        <truncated>0</truncated>
        <difficult>0</difficult>
        <bndbox>
            <xmin>135</xmin>
            <ymin>117</ymin>
            <xmax>231</xmax>
            <ymax>247</ymax>
        </bndbox>
    </object>
</annotation>