<annotation>
    <folder>images</folder>
    <filename>2002_07_25_big_img_92.jpg</filename>
    <source>
        <database>Unknown</database>
    </source>
    <size>
        <width>450</width>
        <height>367</height>
        <depth>3</depth>
    </size>
    <segmented>0</segmented>
    <object>
        <name>Face</name>
        <pose>Unspecified</pose>
        <truncated>0</truncated>
        <difficult>0</difficult>
        <bndbox>
            <xmin>294</xmin>
            <ymin>22</ymin>
            <xmax>368</xmax>
            <ymax>120</ymax>
        </bndbox>
    </object>
</annotation>