<annotation>
    <folder>images</folder>
    <filename>2002_07_26_big_img_979.jpg</filename>
    <source>
        <database>Unknown</database>
    </source>
    <size>
        <width>386</width>
        <height>450</height>
        <depth>3</depth>
    </size>
    <segmented>0</segmented>
    <object>
        <name>Face</name>
        <pose>Unspecified</pose>
        <truncated>0</truncated>
        <difficult>0</difficult>
        <bndbox>
            <xmin>129</xmin>
            <ymin>37</ymin>
            <xmax>259</xmax>
            <ymax>201</ymax>
        </bndbox>
    </object>
    <object>
        <name>Face</name>
        <pose>Unspecified</pose>
        <truncated>0</truncated>
        <difficult>0</difficult>
        <bndbox>
            <xmin>19</xmin>
            <ymin>0</ymin>
            <xmax>87</xmax>
            <ymax>77</ymax>
        </bndbox>
    </object>
</annotation>