<annotation>
    <folder>images</folder>
    <filename>2002_07_21_big_img_665.jpg</filename>
    <source>
        <database>Unknown</database>
    </source>
    <size>
        <width>435</width>
        <height>450</height>
        <depth>3</depth>
    </size>
    <segmented>0</segmented>
    <object>
        <name>Face</name>
        <pose>Unspecified</pose>
        <truncated>0</truncated>
        <difficult>0</difficult>
        <bndbox>
            <xmin>115</xmin>
            <ymin>42</ymin>
            <xmax>207</xmax>
            <ymax>176</ymax>
        </bndbox>
    </object>
</annotation>