<annotation>
    <folder>images</folder>
    <filename>2002_07_20_big_img_315.jpg</filename>
    <source>
        <database>Unknown</database>
    </source>
    <size>
        <width>450</width>
        <height>361</height>
        <depth>3</depth>
    </size>
    <segmented>0</segmented>
    <object>
        <name>Face</name>
        <pose>Unspecified</pose>
        <truncated>0</truncated>
        <difficult>0</difficult>
        <bndbox>
            <xmin>112</xmin>
            <ymin>31</ymin>
            <xmax>198</xmax>
            <ymax>151</ymax>
        </bndbox>
    </object>
</annotation>