<annotation>
    <folder>images</folder>
    <filename>2002_07_25_big_img_354.jpg</filename>
    <source>
        <database>Unknown</database>
    </source>
    <size>
        <width>413</width>
        <height>449</height>
        <depth>3</depth>
    </size>
    <segmented>0</segmented>
    <object>
        <name>Face</name>
        <pose>Unspecified</pose>
        <truncated>0</truncated>
        <difficult>0</difficult>
        <bndbox>
            <xmin>170</xmin>
            <ymin>60</ymin>
            <xmax>270</xmax>
            <ymax>208</ymax>
        </bndbox>
    </object>
</annotation>