<annotation>
    <folder>images</folder>
    <filename>2002_07_25_big_img_198.jpg</filename>
    <source>
        <database>Unknown</database>
    </source>
    <size>
        <width>399</width>
        <height>449</height>
        <depth>3</depth>
    </size>
    <segmented>0</segmented>
    <object>
        <name>Face</name>
        <pose>Unspecified</pose>
        <truncated>0</truncated>
        <difficult>0</difficult>
        <bndbox>
            <xmin>20</xmin>
            <ymin>0</ymin>
            <xmax>128</xmax>
            <ymax>142</ymax>
        </bndbox>
    </object>
    <object>
        <name>Face</name>
        <pose>Unspecified</pose>
        <truncated>0</truncated>
        <difficult>0</difficult>
        <bndbox>
            <xmin>138</xmin>
            <ymin>80</ymin>
            <xmax>264</xmax>
            <ymax>236</ymax>
        </bndbox>
    </object>
    <object>
        <name>Face</name>
        <pose>Unspecified</pose>
        <truncated>0</truncated>
        <difficult>0</difficult>
        <bndbox>
            <xmin>190</xmin>
            <ymin>15</ymin>
            <xmax>240</xmax>
            <ymax>79</ymax>
        </bndbox>
    </object>
</annotation>