<annotation>
    <folder>images</folder>
    <filename>2002_07_25_big_img_430.jpg</filename>
    <source>
        <database>Unknown</database>
    </source>
    <size>
        <width>275</width>
        <height>450</height>
        <depth>3</depth>
    </size>
    <segmented>0</segmented>
    <object>
        <name>Face</name>
        <pose>Unspecified</pose>
        <truncated>0</truncated>
        <difficult>0</difficult>
        <bndbox>
            <xmin>115</xmin>
            <ymin>21</ymin>
            <xmax>187</xmax>
            <ymax>121</ymax>
        </bndbox>
    </object>
    <object>
        <name>Face</name>
        <pose>Unspecified</pose>
        <truncated>0</truncated>
        <difficult>0</difficult>
        <bndbox>
            <xmin>82</xmin>
            <ymin>35</ymin>
            <xmax>142</xmax>
            <ymax>123</ymax>
        </bndbox>
    </object>
</annotation>