<annotation>
    <folder>images</folder>
    <filename>2002_07_25_big_img_755.jpg</filename>
    <source>
        <database>Unknown</database>
    </source>
    <size>
        <width>349</width>
        <height>449</height>
        <depth>3</depth>
    </size>
    <segmented>0</segmented>
    <object>
        <name>Face</name>
        <pose>Unspecified</pose>
        <truncated>0</truncated>
        <difficult>0</difficult>
        <bndbox>
            <xmin>53</xmin>
            <ymin>89</ymin>
            <xmax>117</xmax>
            <ymax>173</ymax>
        </bndbox>
    </object>
    <object>
        <name>Face</name>
        <pose>Unspecified</pose>
        <truncated>0</truncated>
        <difficult>0</difficult>
        <bndbox>
            <xmin>231</xmin>
            <ymin>27</ymin>
            <xmax>305</xmax>
            <ymax>123</ymax>
        </bndbox>
    </object>
</annotation>