<annotation>
    <folder>images</folder>
    <filename>2002_07_22_big_img_413.jpg</filename>
    <source>
        <database>Unknown</database>
    </source>
    <size>
        <width>450</width>
        <height>449</height>
        <depth>3</depth>
    </size>
    <segmented>0</segmented>
    <object>
        <name>Face</name>
        <pose>Unspecified</pose>
        <truncated>0</truncated>
        <difficult>0</difficult>
        <bndbox>
            <xmin>215</xmin>
            <ymin>148</ymin>
            <xmax>315</xmax>
            <ymax>270</ymax>
        </bndbox>
    </object>
</annotation>