<annotation>
    <folder>images</folder>
    <filename>2002_07_26_big_img_757.jpg</filename>
    <source>
        <database>Unknown</database>
    </source>
    <size>
        <width>388</width>
        <height>450</height>
        <depth>3</depth>
    </size>
    <segmented>0</segmented>
    <object>
        <name>Face</name>
        <pose>Unspecified</pose>
        <truncated>0</truncated>
        <difficult>0</difficult>
        <bndbox>
            <xmin>105</xmin>
            <ymin>33</ymin>
            <xmax>177</xmax>
            <ymax>141</ymax>
        </bndbox>
    </object>
    <object>
        <name>Face</name>
        <pose>Unspecified</pose>
        <truncated>0</truncated>
        <difficult>0</difficult>
        <bndbox>
            <xmin>253</xmin>
            <ymin>125</ymin>
            <xmax>329</xmax>
            <ymax>231</ymax>
        </bndbox>
    </object>
</annotation>