<annotation>
    <folder>images</folder>
    <filename>2002_07_24_big_img_104.jpg</filename>
    <source>
        <database>Unknown</database>
    </source>
    <size>
        <width>294</width>
        <height>450</height>
        <depth>3</depth>
    </size>
    <segmented>0</segmented>
    <object>
        <name>Face</name>
        <pose>Unspecified</pose>
        <truncated>0</truncated>
        <difficult>0</difficult>
        <bndbox>
            <xmin>13</xmin>
            <ymin>38</ymin>
            <xmax>255</xmax>
            <ymax>394</ymax>
        </bndbox>
    </object>
</annotation>