<annotation>
    <folder>images</folder>
    <filename>2002_07_20_big_img_645.jpg</filename>
    <source>
        <database>Unknown</database>
    </source>
    <size>
        <width>319</width>
        <height>450</height>
        <depth>3</depth>
    </size>
    <segmented>0</segmented>
    <object>
        <name>Face</name>
        <pose>Unspecified</pose>
        <truncated>0</truncated>
        <difficult>0</difficult>
        <bndbox>
            <xmin>51</xmin>
            <ymin>42</ymin>
            <xmax>191</xmax>
            <ymax>230</ymax>
        </bndbox>
    </object>
    <object>
        <name>Face</name>
        <pose>Unspecified</pose>
        <truncated>0</truncated>
        <difficult>0</difficult>
        <bndbox>
            <xmin>189</xmin>
            <ymin>70</ymin>
            <xmax>285</xmax>
            <ymax>192</ymax>
        </bndbox>
    </object>
</annotation>