<annotation>
    <folder>images</folder>
    <filename>2002_07_22_big_img_292.jpg</filename>
    <source>
        <database>Unknown</database>
    </source>
    <size>
        <width>387</width>
        <height>450</height>
        <depth>3</depth>
    </size>
    <segmented>0</segmented>
    <object>
        <name>Face</name>
        <pose>Unspecified</pose>
        <truncated>0</truncated>
        <difficult>0</difficult>
        <bndbox>
            <xmin>238</xmin>
            <ymin>64</ymin>
            <xmax>362</xmax>
            <ymax>236</ymax>
        </bndbox>
    </object>
    <object>
        <name>Face</name>
        <pose>Unspecified</pose>
        <truncated>0</truncated>
        <difficult>0</difficult>
        <bndbox>
            <xmin>75</xmin>
            <ymin>44</ymin>
            <xmax>209</xmax>
            <ymax>222</ymax>
        </bndbox>
    </object>
</annotation>