<annotation>
    <folder>images</folder>
    <filename>2002_07_25_big_img_1121.jpg</filename>
    <source>
        <database>Unknown</database>
    </source>
    <size>
        <width>449</width>
        <height>320</height>
        <depth>3</depth>
    </size>
    <segmented>0</segmented>
    <object>
        <name>Face</name>
        <pose>Unspecified</pose>
        <truncated>0</truncated>
        <difficult>0</difficult>
        <bndbox>
            <xmin>173</xmin>
            <ymin>53</ymin>
            <xmax>243</xmax>
            <ymax>133</ymax>
        </bndbox>
    </object>
    <object>
        <name>Face</name>
        <pose>Unspecified</pose>
        <truncated>0</truncated>
        <difficult>0</difficult>
        <bndbox>
            <xmin>317</xmin>
            <ymin>120</ymin>
            <xmax>367</xmax>
            <ymax>184</ymax>
        </bndbox>
    </object>
    <object>
        <name>Face</name>
        <pose>Unspecified</pose>
        <truncated>0</truncated>
        <difficult>0</difficult>
        <bndbox>
            <xmin>406</xmin>
            <ymin>57</ymin>
            <xmax>448</xmax>
            <ymax>137</ymax>
        </bndbox>
    </object>
</annotation>