<annotation>
    <folder>images</folder>
    <filename>2002_07_24_big_img_807.jpg</filename>
    <source>
        <database>Unknown</database>
    </source>
    <size>
        <width>367</width>
        <height>450</height>
        <depth>3</depth>
    </size>
    <segmented>0</segmented>
    <object>
        <name>Face</name>
        <pose>Unspecified</pose>
        <truncated>0</truncated>
        <difficult>0</difficult>
        <bndbox>
            <xmin>0</xmin>
            <ymin>0</ymin>
            <xmax>184</xmax>
            <ymax>265</ymax>
        </bndbox>
    </object>
    <object>
        <name>Face</name>
        <pose>Unspecified</pose>
        <truncated>0</truncated>
        <difficult>0</difficult>
        <bndbox>
            <xmin>154</xmin>
            <ymin>90</ymin>
            <xmax>340</xmax>
            <ymax>354</ymax>
        </bndbox>
    </object>
</annotation>