<annotation>
    <folder>images</folder>
    <filename>2002_07_19_big_img_463.jpg</filename>
    <source>
        <database>Unknown</database>
    </source>
    <size>
        <width>348</width>
        <height>450</height>
        <depth>3</depth>
    </size>
    <segmented>0</segmented>
    <object>
        <name>Face</name>
        <pose>Unspecified</pose>
        <truncated>0</truncated>
        <difficult>0</difficult>
        <bndbox>
            <xmin>131</xmin>
            <ymin>63</ymin>
            <xmax>235</xmax>
            <ymax>203</ymax>
        </bndbox>
    </object>
    <object>
        <name>Face</name>
        <pose>Unspecified</pose>
        <truncated>0</truncated>
        <difficult>0</difficult>
        <bndbox>
            <xmin>6</xmin>
            <ymin>17</ymin>
            <xmax>70</xmax>
            <ymax>99</ymax>
        </bndbox>
    </object>
    <object>
        <name>Face</name>
        <pose>Unspecified</pose>
        <truncated>0</truncated>
        <difficult>0</difficult>
        <bndbox>
            <xmin>240</xmin>
            <ymin>7</ymin>
            <xmax>302</xmax>
            <ymax>91</ymax>
        </bndbox>
    </object>
</annotation>