<annotation>
    <folder>images</folder>
    <filename>2002_07_25_big_img_85.jpg</filename>
    <source>
        <database>Unknown</database>
    </source>
    <size>
        <width>450</width>
        <height>363</height>
        <depth>3</depth>
    </size>
    <segmented>0</segmented>
    <object>
        <name>Face</name>
        <pose>Unspecified</pose>
        <truncated>0</truncated>
        <difficult>0</difficult>
        <bndbox>
            <xmin>242</xmin>
            <ymin>29</ymin>
            <xmax>366</xmax>
            <ymax>187</ymax>
        </bndbox>
    </object>
    <object>
        <name>Face</name>
        <pose>Unspecified</pose>
        <truncated>0</truncated>
        <difficult>0</difficult>
        <bndbox>
            <xmin>53</xmin>
            <ymin>95</ymin>
            <xmax>171</xmax>
            <ymax>253</ymax>
        </bndbox>
    </object>
</annotation>