<annotation>
    <folder>images</folder>
    <filename>2002_07_23_big_img_810.jpg</filename>
    <source>
        <database>Unknown</database>
    </source>
    <size>
        <width>324</width>
        <height>450</height>
        <depth>3</depth>
    </size>
    <segmented>0</segmented>
    <object>
        <name>Face</name>
        <pose>Unspecified</pose>
        <truncated>0</truncated>
        <difficult>0</difficult>
        <bndbox>
            <xmin>65</xmin>
            <ymin>40</ymin>
            <xmax>237</xmax>
            <ymax>274</ymax>
        </bndbox>
    </object>
    <object>
        <name>Face</name>
        <pose>Unspecified</pose>
        <truncated>0</truncated>
        <difficult>0</difficult>
        <bndbox>
            <xmin>260</xmin>
            <ymin>34</ymin>
            <xmax>298</xmax>
            <ymax>76</ymax>
        </bndbox>
    </object>
</annotation>