<annotation>
    <folder>images</folder>
    <filename>2002_07_23_big_img_433.jpg</filename>
    <source>
        <database>Unknown</database>
    </source>
    <size>
        <width>295</width>
        <height>450</height>
        <depth>3</depth>
    </size>
    <segmented>0</segmented>
    <object>
        <name>Face</name>
        <pose>Unspecified</pose>
        <truncated>0</truncated>
        <difficult>0</difficult>
        <bndbox>
            <xmin>125</xmin>
            <ymin>0</ymin>
            <xmax>223</xmax>
            <ymax>170</ymax>
        </bndbox>
    </object>
</annotation>