<annotation>
    <folder>images</folder>
    <filename>2002_07_26_big_img_651.jpg</filename>
    <source>
        <database>Unknown</database>
    </source>
    <size>
        <width>346</width>
        <height>450</height>
        <depth>3</depth>
    </size>
    <segmented>0</segmented>
    <object>
        <name>Face</name>
        <pose>Unspecified</pose>
        <truncated>0</truncated>
        <difficult>0</difficult>
        <bndbox>
            <xmin>167</xmin>
            <ymin>67</ymin>
            <xmax>275</xmax>
            <ymax>225</ymax>
        </bndbox>
    </object>
</annotation>