<annotation>
    <folder>images</folder>
    <filename>2002_07_25_big_img_936.jpg</filename>
    <source>
        <database>Unknown</database>
    </source>
    <size>
        <width>344</width>
        <height>450</height>
        <depth>3</depth>
    </size>
    <segmented>0</segmented>
    <object>
        <name>Face</name>
        <pose>Unspecified</pose>
        <truncated>0</truncated>
        <difficult>0</difficult>
        <bndbox>
            <xmin>109</xmin>
            <ymin>211</ymin>
            <xmax>225</xmax>
            <ymax>341</ymax>
        </bndbox>
    </object>
    <object>
        <name>Face</name>
        <pose>Unspecified</pose>
        <truncated>0</truncated>
        <difficult>0</difficult>
        <bndbox>
            <xmin>173</xmin>
            <ymin>0</ymin>
            <xmax>255</xmax>
            <ymax>102</ymax>
        </bndbox>
    </object>
</annotation>