<annotation>
    <folder>images</folder>
    <filename>2002_07_25_big_img_341.jpg</filename>
    <source>
        <database>Unknown</database>
    </source>
    <size>
        <width>342</width>
        <height>450</height>
        <depth>3</depth>
    </size>
    <segmented>0</segmented>
    <object>
        <name>Face</name>
        <pose>Unspecified</pose>
        <truncated>0</truncated>
        <difficult>0</difficult>
        <bndbox>
            <xmin>31</xmin>
            <ymin>18</ymin>
            <xmax>111</xmax>
            <ymax>124</ymax>
        </bndbox>
    </object>
    <object>
        <name>Face</name>
        <pose>Unspecified</pose>
        <truncated>0</truncated>
        <difficult>0</difficult>
        <bndbox>
            <xmin>219</xmin>
            <ymin>54</ymin>
            <xmax>291</xmax>
            <ymax>156</ymax>
        </bndbox>
    </object>
</annotation>