<annotation>
    <folder>images</folder>
    <filename>2002_07_20_big_img_663.jpg</filename>
    <source>
        <database>Unknown</database>
    </source>
    <size>
        <width>348</width>
        <height>450</height>
        <depth>3</depth>
    </size>
    <segmented>0</segmented>
    <object>
        <name>Face</name>
        <pose>Unspecified</pose>
        <truncated>0</truncated>
        <difficult>0</difficult>
        <bndbox>
            <xmin>35</xmin>
            <ymin>6</ymin>
            <xmax>109</xmax>
            <ymax>106</ymax>
        </bndbox>
    </object>
    <object>
        <name>Face</name>
        <pose>Unspecified</pose>
        <truncated>0</truncated>
        <difficult>0</difficult>
        <bndbox>
            <xmin>140</xmin>
            <ymin>30</ymin>
            <xmax>264</xmax>
            <ymax>208</ymax>
        </bndbox>
    </object>
    <object>
        <name>Face</name>
        <pose>Unspecified</pose>
        <truncated>0</truncated>
        <difficult>0</difficult>
        <bndbox>
            <xmin>4</xmin>
            <ymin>219</ymin>
            <xmax>60</xmax>
            <ymax>315</ymax>
        </bndbox>
    </object>
    <object>
        <name>Face</name>
        <pose>Unspecified</pose>
        <truncated>0</truncated>
        <difficult>0</difficult>
        <bndbox>
            <xmin>303</xmin>
            <ymin>1</ymin>
            <xmax>347</xmax>
            <ymax>97</ymax>
        </bndbox>
    </object>
</annotation>