<annotation>
    <folder>images</folder>
    <filename>2002_07_19_big_img_517.jpg</filename>
    <source>
        <database>Unknown</database>
    </source>
    <size>
        <width>304</width>
        <height>449</height>
        <depth>3</depth>
    </size>
    <segmented>0</segmented>
    <object>
        <name>Face</name>
        <pose>Unspecified</pose>
        <truncated>0</truncated>
        <difficult>0</difficult>
        <bndbox>
            <xmin>64</xmin>
            <ymin>99</ymin>
            <xmax>228</xmax>
            <ymax>297</ymax>
        </bndbox>
    </object>
</annotation>