<annotation>
    <folder>images</folder>
    <filename>2002_07_26_big_img_884.jpg</filename>
    <source>
        <database>Unknown</database>
    </source>
    <size>
        <width>355</width>
        <height>450</height>
        <depth>3</depth>
    </size>
    <segmented>0</segmented>
    <object>
        <name>Face</name>
        <pose>Unspecified</pose>
        <truncated>0</truncated>
        <difficult>0</difficult>
        <bndbox>
            <xmin>94</xmin>
            <ymin>56</ymin>
            <xmax>292</xmax>
            <ymax>314</ymax>
        </bndbox>
    </object>
</annotation>