<annotation>
    <folder>images</folder>
    <filename>2002_07_25_big_img_685.jpg</filename>
    <source>
        <database>Unknown</database>
    </source>
    <size>
        <width>450</width>
        <height>352</height>
        <depth>3</depth>
    </size>
    <segmented>0</segmented>
    <object>
        <name>Face</name>
        <pose>Unspecified</pose>
        <truncated>0</truncated>
        <difficult>0</difficult>
        <bndbox>
            <xmin>93</xmin>
            <ymin>51</ymin>
            <xmax>175</xmax>
            <ymax>157</ymax>
        </bndbox>
    </object>
</annotation>