<annotation>
    <folder>images</folder>
    <filename>2002_07_26_big_img_891.jpg</filename>
    <source>
        <database>Unknown</database>
    </source>
    <size>
        <width>333</width>
        <height>450</height>
        <depth>3</depth>
    </size>
    <segmented>0</segmented>
    <object>
        <name>Face</name>
        <pose>Unspecified</pose>
        <truncated>0</truncated>
        <difficult>0</difficult>
        <bndbox>
            <xmin>173</xmin>
            <ymin>182</ymin>
            <xmax>235</xmax>
            <ymax>264</ymax>
        </bndbox>
    </object>
    <object>
        <name>Face</name>
        <pose>Unspecified</pose>
        <truncated>0</truncated>
        <difficult>0</difficult>
        <bndbox>
            <xmin>59</xmin>
            <ymin>219</ymin>
            <xmax>125</xmax>
            <ymax>301</ymax>
        </bndbox>
    </object>
</annotation>