<annotation>
    <folder>images</folder>
    <filename>2002_07_21_big_img_515.jpg</filename>
    <source>
        <database>Unknown</database>
    </source>
    <size>
        <width>365</width>
        <height>450</height>
        <depth>3</depth>
    </size>
    <segmented>0</segmented>
    <object>
        <name>Face</name>
        <pose>Unspecified</pose>
        <truncated>0</truncated>
        <difficult>0</difficult>
        <bndbox>
            <xmin>68</xmin>
            <ymin>30</ymin>
            <xmax>144</xmax>
            <ymax>132</ymax>
        </bndbox>
    </object>
</annotation>