<annotation>
    <folder>images</folder>
    <filename>2002_07_22_big_img_704.jpg</filename>
    <source>
        <database>Unknown</database>
    </source>
    <size>
        <width>312</width>
        <height>449</height>
        <depth>3</depth>
    </size>
    <segmented>0</segmented>
    <object>
        <name>Face</name>
        <pose>Unspecified</pose>
        <truncated>0</truncated>
        <difficult>0</difficult>
        <bndbox>
            <xmin>127</xmin>
            <ymin>47</ymin>
            <xmax>191</xmax>
            <ymax>131</ymax>
        </bndbox>
    </object>
    <object>
        <name>Face</name>
        <pose>Unspecified</pose>
        <truncated>0</truncated>
        <difficult>0</difficult>
        <bndbox>
            <xmin>77</xmin>
            <ymin>0</ymin>
            <xmax>133</xmax>
            <ymax>58</ymax>
        </bndbox>
    </object>
    <object>
        <name>Face</name>
        <pose>Unspecified</pose>
        <truncated>0</truncated>
        <difficult>0</difficult>
        <bndbox>
            <xmin>190</xmin>
            <ymin>10</ymin>
            <xmax>228</xmax>
            <ymax>62</ymax>
        </bndbox>
    </object>
    <object>
        <name>Face</name>
        <pose>Unspecified</pose>
        <truncated>0</truncated>
        <difficult>0</difficult>
        <bndbox>
            <xmin>232</xmin>
            <ymin>0</ymin>
            <xmax>284</xmax>
            <ymax>57</ymax>
        </bndbox>
    </object>
    <object>
        <name>Face</name>
        <pose>Unspecified</pose>
        <truncated>0</truncated>
        <difficult>0</difficult>
        <bndbox>
            <xmin>0</xmin>
            <ymin>15</ymin>
            <xmax>22</xmax>
            <ymax>77</ymax>
        </bndbox>
    </object>
</annotation>