<annotation>
    <folder>images</folder>
    <filename>2002_07_25_big_img_414.jpg</filename>
    <source>
        <database>Unknown</database>
    </source>
    <size>
        <width>366</width>
        <height>450</height>
        <depth>3</depth>
    </size>
    <segmented>0</segmented>
    <object>
        <name>Face</name>
        <pose>Unspecified</pose>
        <truncated>0</truncated>
        <difficult>0</difficult>
        <bndbox>
            <xmin>44</xmin>
            <ymin>24</ymin>
            <xmax>172</xmax>
            <ymax>178</ymax>
        </bndbox>
    </object>
    <object>
        <name>Face</name>
        <pose>Unspecified</pose>
        <truncated>0</truncated>
        <difficult>0</difficult>
        <bndbox>
            <xmin>195</xmin>
            <ymin>80</ymin>
            <xmax>313</xmax>
            <ymax>230</ymax>
        </bndbox>
    </object>
</annotation>