<annotation>
    <folder>images</folder>
    <filename>2002_07_23_big_img_404.jpg</filename>
    <source>
        <database>Unknown</database>
    </source>
    <size>
        <width>450</width>
        <height>316</height>
        <depth>3</depth>
    </size>
    <segmented>0</segmented>
    <object>
        <name>Face</name>
        <pose>Unspecified</pose>
        <truncated>0</truncated>
        <difficult>0</difficult>
        <bndbox>
            <xmin>66</xmin>
            <ymin>69</ymin>
            <xmax>184</xmax>
            <ymax>221</ymax>
        </bndbox>
    </object>
    <object>
        <name>Face</name>
        <pose>Unspecified</pose>
        <truncated>0</truncated>
        <difficult>0</difficult>
        <bndbox>
            <xmin>214</xmin>
            <ymin>30</ymin>
            <xmax>386</xmax>
            <ymax>224</ymax>
        </bndbox>
    </object>
    <object>
        <name>Face</name>
        <pose>Unspecified</pose>
        <truncated>0</truncated>
        <difficult>0</difficult>
        <bndbox>
            <xmin>0</xmin>
            <ymin>112</ymin>
            <xmax>94</xmax>
            <ymax>234</ymax>
        </bndbox>
    </object>
    <object>
        <name>Face</name>
        <pose>Unspecified</pose>
        <truncated>0</truncated>
        <difficult>0</difficult>
        <bndbox>
            <xmin>231</xmin>
            <ymin>169</ymin>
            <xmax>301</xmax>
            <ymax>257</ymax>
        </bndbox>
    </object>
</annotation>