<annotation>
    <folder>images</folder>
    <filename>2002_07_23_big_img_467.jpg</filename>
    <source>
        <database>Unknown</database>
    </source>
    <size>
        <width>323</width>
        <height>450</height>
        <depth>3</depth>
    </size>
    <segmented>0</segmented>
    <object>
        <name>Face</name>
        <pose>Unspecified</pose>
        <truncated>0</truncated>
        <difficult>0</difficult>
        <bndbox>
            <xmin>34</xmin>
            <ymin>41</ymin>
            <xmax>176</xmax>
            <ymax>205</ymax>
        </bndbox>
    </object>
    <object>
        <name>Face</name>
        <pose>Unspecified</pose>
        <truncated>0</truncated>
        <difficult>0</difficult>
        <bndbox>
            <xmin>79</xmin>
            <ymin>227</ymin>
            <xmax>193</xmax>
            <ymax>373</ymax>
        </bndbox>
    </object>
</annotation>