<annotation>
    <folder>images</folder>
    <filename>2002_07_22_big_img_642.jpg</filename>
    <source>
        <database>Unknown</database>
    </source>
    <size>
        <width>322</width>
        <height>450</height>
        <depth>3</depth>
    </size>
    <segmented>0</segmented>
    <object>
        <name>Face</name>
        <pose>Unspecified</pose>
        <truncated>0</truncated>
        <difficult>0</difficult>
        <bndbox>
            <xmin>26</xmin>
            <ymin>121</ymin>
            <xmax>60</xmax>
            <ymax>163</ymax>
        </bndbox>
    </object>
    <object>
        <name>Face</name>
        <pose>Unspecified</pose>
        <truncated>0</truncated>
        <difficult>0</difficult>
        <bndbox>
            <xmin>94</xmin>
            <ymin>30</ymin>
            <xmax>170</xmax>
            <ymax>128</ymax>
        </bndbox>
    </object>
</annotation>