<annotation>
    <folder>images</folder>
    <filename>2002_07_26_big_img_998.jpg</filename>
    <source>
        <database>Unknown</database>
    </source>
    <size>
        <width>450</width>
        <height>354</height>
        <depth>3</depth>
    </size>
    <segmented>0</segmented>
    <object>
        <name>Face</name>
        <pose>Unspecified</pose>
        <truncated>0</truncated>
        <difficult>0</difficult>
        <bndbox>
            <xmin>86</xmin>
            <ymin>24</ymin>
            <xmax>166</xmax>
            <ymax>126</ymax>
        </bndbox>
    </object>
    <object>
        <name>Face</name>
        <pose>Unspecified</pose>
        <truncated>0</truncated>
        <difficult>0</difficult>
        <bndbox>
            <xmin>293</xmin>
            <ymin>63</ymin>
            <xmax>363</xmax>
            <ymax>155</ymax>
        </bndbox>
    </object>
</annotation>