<annotation>
    <folder>images</folder>
    <filename>2002_07_24_big_img_808.jpg</filename>
    <source>
        <database>Unknown</database>
    </source>
    <size>
        <width>450</width>
        <height>296</height>
        <depth>3</depth>
    </size>
    <segmented>0</segmented>
    <object>
        <name>Face</name>
        <pose>Unspecified</pose>
        <truncated>0</truncated>
        <difficult>0</difficult>
        <bndbox>
            <xmin>206</xmin>
            <ymin>28</ymin>
            <xmax>274</xmax>
            <ymax>114</ymax>
        </bndbox>
    </object>
</annotation>