<annotation>
    <folder>images</folder>
    <filename>2002_07_23_big_img_633.jpg</filename>
    <source>
        <database>Unknown</database>
    </source>
    <size>
        <width>277</width>
        <height>449</height>
        <depth>3</depth>
    </size>
    <segmented>0</segmented>
    <object>
        <name>Face</name>
        <pose>Unspecified</pose>
        <truncated>0</truncated>
        <difficult>0</difficult>
        <bndbox>
            <xmin>6</xmin>
            <ymin>98</ymin>
            <xmax>106</xmax>
            <ymax>228</ymax>
        </bndbox>
    </object>
    <object>
        <name>Face</name>
        <pose>Unspecified</pose>
        <truncated>0</truncated>
        <difficult>0</difficult>
        <bndbox>
            <xmin>66</xmin>
            <ymin>75</ymin>
            <xmax>172</xmax>
            <ymax>215</ymax>
        </bndbox>
    </object>
</annotation>