<annotation>
    <folder>images</folder>
    <filename>2002_07_26_big_img_457.jpg</filename>
    <source>
        <database>Unknown</database>
    </source>
    <size>
        <width>328</width>
        <height>450</height>
        <depth>3</depth>
    </size>
    <segmented>0</segmented>
    <object>
        <name>Face</name>
        <pose>Unspecified</pose>
        <truncated>0</truncated>
        <difficult>0</difficult>
        <bndbox>
            <xmin>68</xmin>
            <ymin>46</ymin>
            <xmax>258</xmax>
            <ymax>336</ymax>
        </bndbox>
    </object>
</annotation>