<annotation>
    <folder>images</folder>
    <filename>2002_07_26_big_img_208.jpg</filename>
    <source>
        <database>Unknown</database>
    </source>
    <size>
        <width>450</width>
        <height>329</height>
        <depth>3</depth>
    </size>
    <segmented>0</segmented>
    <object>
        <name>Face</name>
        <pose>Unspecified</pose>
        <truncated>0</truncated>
        <difficult>0</difficult>
        <bndbox>
            <xmin>98</xmin>
            <ymin>66</ymin>
            <xmax>154</xmax>
            <ymax>148</ymax>
        </bndbox>
    </object>
    <object>
        <name>Face</name>
        <pose>Unspecified</pose>
        <truncated>0</truncated>
        <difficult>0</difficult>
        <bndbox>
            <xmin>197</xmin>
            <ymin>22</ymin>
            <xmax>261</xmax>
            <ymax>118</ymax>
        </bndbox>
    </object>
    <object>
        <name>Face</name>
        <pose>Unspecified</pose>
        <truncated>0</truncated>
        <difficult>0</difficult>
        <bndbox>
            <xmin>312</xmin>
            <ymin>35</ymin>
            <xmax>380</xmax>
            <ymax>127</ymax>
        </bndbox>
    </object>
</annotation>