<annotation>
    <folder>images</folder>
    <filename>2002_07_23_big_img_455.jpg</filename>
    <source>
        <database>Unknown</database>
    </source>
    <size>
        <width>450</width>
        <height>333</height>
        <depth>3</depth>
    </size>
    <segmented>0</segmented>
    <object>
        <name>Face</name>
        <pose>Unspecified</pose>
        <truncated>0</truncated>
        <difficult>0</difficult>
        <bndbox>
            <xmin>5</xmin>
            <ymin>58</ymin>
            <xmax>117</xmax>
            <ymax>194</ymax>
        </bndbox>
    </object>
    <object>
        <name>Face</name>
        <pose>Unspecified</pose>
        <truncated>0</truncated>
        <difficult>0</difficult>
        <bndbox>
            <xmin>277</xmin>
            <ymin>28</ymin>
            <xmax>393</xmax>
            <ymax>190</ymax>
        </bndbox>
    </object>
</annotation>