<annotation>
    <folder>images</folder>
    <filename>2002_07_19_big_img_930.jpg</filename>
    <source>
        <database>Unknown</database>
    </source>
    <size>
        <width>299</width>
        <height>449</height>
        <depth>3</depth>
    </size>
    <segmented>0</segmented>
    <object>
        <name>Face</name>
        <pose>Unspecified</pose>
        <truncated>0</truncated>
        <difficult>0</difficult>
        <bndbox>
            <xmin>43</xmin>
            <ymin>83</ymin>
            <xmax>247</xmax>
            <ymax>355</ymax>
        </bndbox>
    </object>
</annotation>