<annotation>
    <folder>images</folder>
    <filename>2002_07_25_big_img_206.jpg</filename>
    <source>
        <database>Unknown</database>
    </source>
    <size>
        <width>296</width>
        <height>450</height>
        <depth>3</depth>
    </size>
    <segmented>0</segmented>
    <object>
        <name>Face</name>
        <pose>Unspecified</pose>
        <truncated>0</truncated>
        <difficult>0</difficult>
        <bndbox>
            <xmin>87</xmin>
            <ymin>27</ymin>
            <xmax>179</xmax>
            <ymax>141</ymax>
        </bndbox>
    </object>
</annotation>