<annotation>
    <folder>images</folder>
    <filename>2002_07_24_big_img_803.jpg</filename>
    <source>
        <database>Unknown</database>
    </source>
    <size>
        <width>360</width>
        <height>450</height>
        <depth>3</depth>
    </size>
    <segmented>0</segmented>
    <object>
        <name>Face</name>
        <pose>Unspecified</pose>
        <truncated>0</truncated>
        <difficult>0</difficult>
        <bndbox>
            <xmin>133</xmin>
            <ymin>147</ymin>
            <xmax>215</xmax>
            <ymax>259</ymax>
        </bndbox>
    </object>
</annotation>