<annotation>
    <folder>images</folder>
    <filename>2002_07_20_big_img_777.jpg</filename>
    <source>
        <database>Unknown</database>
    </source>
    <size>
        <width>368</width>
        <height>450</height>
        <depth>3</depth>
    </size>
    <segmented>0</segmented>
    <object>
        <name>Face</name>
        <pose>Unspecified</pose>
        <truncated>0</truncated>
        <difficult>0</difficult>
        <bndbox>
            <xmin>187</xmin>
            <ymin>35</ymin>
            <xmax>327</xmax>
            <ymax>251</ymax>
        </bndbox>
    </object>
    <object>
        <name>Face</name>
        <pose>Unspecified</pose>
        <truncated>0</truncated>
        <difficult>0</difficult>
        <bndbox>
            <xmin>61</xmin>
            <ymin>202</ymin>
            <xmax>229</xmax>
            <ymax>396</ymax>
        </bndbox>
    </object>
</annotation>