<annotation>
    <folder>images</folder>
    <filename>2002_07_19_big_img_414.jpg</filename>
    <source>
        <database>Unknown</database>
    </source>
    <size>
        <width>312</width>
        <height>450</height>
        <depth>3</depth>
    </size>
    <segmented>0</segmented>
    <object>
        <name>Face</name>
        <pose>Unspecified</pose>
        <truncated>0</truncated>
        <difficult>0</difficult>
        <bndbox>
            <xmin>154</xmin>
            <ymin>68</ymin>
            <xmax>240</xmax>
            <ymax>188</ymax>
        </bndbox>
    </object>
    <object>
        <name>Face</name>
        <pose>Unspecified</pose>
        <truncated>0</truncated>
        <difficult>0</difficult>
        <bndbox>
            <xmin>74</xmin>
            <ymin>23</ymin>
            <xmax>172</xmax>
            <ymax>157</ymax>
        </bndbox>
    </object>
</annotation>