<annotation>
    <folder>images</folder>
    <filename>2002_07_22_big_img_306.jpg</filename>
    <source>
        <database>Unknown</database>
    </source>
    <size>
        <width>334</width>
        <height>449</height>
        <depth>3</depth>
    </size>
    <segmented>0</segmented>
    <object>
        <name>Face</name>
        <pose>Unspecified</pose>
        <truncated>0</truncated>
        <difficult>0</difficult>
        <bndbox>
            <xmin>120</xmin>
            <ymin>38</ymin>
            <xmax>204</xmax>
            <ymax>148</ymax>
        </bndbox>
    </object>
</annotation>