<annotation>
    <folder>images</folder>
    <filename>2002_07_25_big_img_1151.jpg</filename>
    <source>
        <database>Unknown</database>
    </source>
    <size>
        <width>450</width>
        <height>295</height>
        <depth>3</depth>
    </size>
    <segmented>0</segmented>
    <object>
        <name>Face</name>
        <pose>Unspecified</pose>
        <truncated>0</truncated>
        <difficult>0</difficult>
        <bndbox>
            <xmin>213</xmin>
            <ymin>17</ymin>
            <xmax>387</xmax>
            <ymax>237</ymax>
        </bndbox>
    </object>
</annotation>