<annotation>
    <folder>images</folder>
    <filename>2002_07_20_big_img_627.jpg</filename>
    <source>
        <database>Unknown</database>
    </source>
    <size>
        <width>450</width>
        <height>354</height>
        <depth>3</depth>
    </size>
    <segmented>0</segmented>
    <object>
        <name>Face</name>
        <pose>Unspecified</pose>
        <truncated>0</truncated>
        <difficult>0</difficult>
        <bndbox>
            <xmin>96</xmin>
            <ymin>5</ymin>
            <xmax>194</xmax>
            <ymax>141</ymax>
        </bndbox>
    </object>
</annotation>