<annotation>
    <folder>images</folder>
    <filename>2002_07_20_big_img_666.jpg</filename>
    <source>
        <database>Unknown</database>
    </source>
    <size>
        <width>306</width>
        <height>449</height>
        <depth>3</depth>
    </size>
    <segmented>0</segmented>
    <object>
        <name>Face</name>
        <pose>Unspecified</pose>
        <truncated>0</truncated>
        <difficult>0</difficult>
        <bndbox>
            <xmin>104</xmin>
            <ymin>50</ymin>
            <xmax>210</xmax>
            <ymax>196</ymax>
        </bndbox>
    </object>
</annotation>