<annotation>
    <folder>images</folder>
    <filename>2002_07_20_big_img_109.jpg</filename>
    <source>
        <database>Unknown</database>
    </source>
    <size>
        <width>330</width>
        <height>450</height>
        <depth>3</depth>
    </size>
    <segmented>0</segmented>
    <object>
        <name>Face</name>
        <pose>Unspecified</pose>
        <truncated>0</truncated>
        <difficult>0</difficult>
        <bndbox>
            <xmin>107</xmin>
            <ymin>115</ymin>
            <xmax>183</xmax>
            <ymax>221</ymax>
        </bndbox>
    </object>
    <object>
        <name>Face</name>
        <pose>Unspecified</pose>
        <truncated>0</truncated>
        <difficult>0</difficult>
        <bndbox>
            <xmin>222</xmin>
            <ymin>54</ymin>
            <xmax>308</xmax>
            <ymax>144</ymax>
        </bndbox>
    </object>
</annotation>