<annotation>
    <folder>images</folder>
    <filename>2002_07_19_big_img_367.jpg</filename>
    <source>
        <database>Unknown</database>
    </source>
    <size>
        <width>292</width>
        <height>450</height>
        <depth>3</depth>
    </size>
    <segmented>0</segmented>
    <object>
        <name>Face</name>
        <pose>Unspecified</pose>
        <truncated>0</truncated>
        <difficult>0</difficult>
        <bndbox>
            <xmin>77</xmin>
            <ymin>17</ymin>
            <xmax>213</xmax>
            <ymax>197</ymax>
        </bndbox>
    </object>
</annotation>