<annotation>
    <folder>images</folder>
    <filename>2002_07_23_big_img_310.jpg</filename>
    <source>
        <database>Unknown</database>
    </source>
    <size>
        <width>299</width>
        <height>449</height>
        <depth>3</depth>
    </size>
    <segmented>0</segmented>
    <object>
        <name>Face</name>
        <pose>Unspecified</pose>
        <truncated>0</truncated>
        <difficult>0</difficult>
        <bndbox>
            <xmin>110</xmin>
            <ymin>293</ymin>
            <xmax>188</xmax>
            <ymax>401</ymax>
        </bndbox>
    </object>
</annotation>