<annotation>
    <folder>images</folder>
    <filename>2002_07_23_big_img_268.jpg</filename>
    <source>
        <database>Unknown</database>
    </source>
    <size>
        <width>305</width>
        <height>449</height>
        <depth>3</depth>
    </size>
    <segmented>0</segmented>
    <object>
        <name>Face</name>
        <pose>Unspecified</pose>
        <truncated>0</truncated>
        <difficult>0</difficult>
        <bndbox>
            <xmin>110</xmin>
            <ymin>30</ymin>
            <xmax>202</xmax>
            <ymax>162</ymax>
        </bndbox>
    </object>
</annotation>