<annotation>
    <folder>images</folder>
    <filename>2002_07_26_big_img_885.jpg</filename>
    <source>
        <database>Unknown</database>
    </source>
    <size>
        <width>345</width>
        <height>450</height>
        <depth>3</depth>
    </size>
    <segmented>0</segmented>
    <object>
        <name>Face</name>
        <pose>Unspecified</pose>
        <truncated>0</truncated>
        <difficult>0</difficult>
        <bndbox>
            <xmin>127</xmin>
            <ymin>36</ymin>
            <xmax>223</xmax>
            <ymax>170</ymax>
        </bndbox>
    </object>
    <object>
        <name>Face</name>
        <pose>Unspecified</pose>
        <truncated>0</truncated>
        <difficult>0</difficult>
        <bndbox>
            <xmin>252</xmin>
            <ymin>150</ymin>
            <xmax>326</xmax>
            <ymax>258</ymax>
        </bndbox>
    </object>
</annotation>