<annotation>
    <folder>images</folder>
    <filename>2002_07_24_big_img_804.jpg</filename>
    <source>
        <database>Unknown</database>
    </source>
    <size>
        <width>375</width>
        <height>450</height>
        <depth>3</depth>
    </size>
    <segmented>0</segmented>
    <object>
        <name>Face</name>
        <pose>Unspecified</pose>
        <truncated>0</truncated>
        <difficult>0</difficult>
        <bndbox>
            <xmin>157</xmin>
            <ymin>124</ymin>
            <xmax>321</xmax>
            <ymax>370</ymax>
        </bndbox>
    </object>
    <object>
        <name>Face</name>
        <pose>Unspecified</pose>
        <truncated>0</truncated>
        <difficult>0</difficult>
        <bndbox>
            <xmin>0</xmin>
            <ymin>12</ymin>
            <xmax>183</xmax>
            <ymax>272</ymax>
        </bndbox>
    </object>
</annotation>