<annotation>
    <folder>images</folder>
    <filename>2002_07_19_big_img_782.jpg</filename>
    <source>
        <database>Unknown</database>
    </source>
    <size>
        <width>449</width>
        <height>326</height>
        <depth>3</depth>
    </size>
    <segmented>0</segmented>
    <object>
        <name>Face</name>
        <pose>Unspecified</pose>
        <truncated>0</truncated>
        <difficult>0</difficult>
        <bndbox>
            <xmin>160</xmin>
            <ymin>36</ymin>
            <xmax>264</xmax>
            <ymax>168</ymax>
        </bndbox>
    </object>
</annotation>