<annotation>
    <folder>images</folder>
    <filename>2002_07_19_big_img_607.jpg</filename>
    <source>
        <database>Unknown</database>
    </source>
    <size>
        <width>304</width>
        <height>450</height>
        <depth>3</depth>
    </size>
    <segmented>0</segmented>
    <object>
        <name>Face</name>
        <pose>Unspecified</pose>
        <truncated>0</truncated>
        <difficult>0</difficult>
        <bndbox>
            <xmin>94</xmin>
            <ymin>71</ymin>
            <xmax>168</xmax>
            <ymax>169</ymax>
        </bndbox>
    </object>
    <object>
        <name>Face</name>
        <pose>Unspecified</pose>
        <truncated>0</truncated>
        <difficult>0</difficult>
        <bndbox>
            <xmin>177</xmin>
            <ymin>26</ymin>
            <xmax>237</xmax>
            <ymax>110</ymax>
        </bndbox>
    </object>
</annotation>