<annotation>
    <folder>images</folder>
    <filename>2002_07_26_big_img_950.jpg</filename>
    <source>
        <database>Unknown</database>
    </source>
    <size>
        <width>450</width>
        <height>321</height>
        <depth>3</depth>
    </size>
    <segmented>0</segmented>
    <object>
        <name>Face</name>
        <pose>Unspecified</pose>
        <truncated>0</truncated>
        <difficult>0</difficult>
        <bndbox>
            <xmin>113</xmin>
            <ymin>38</ymin>
            <xmax>189</xmax>
            <ymax>136</ymax>
        </bndbox>
    </object>
</annotation>