<annotation>
    <folder>images</folder>
    <filename>2002_07_22_big_img_644.jpg</filename>
    <source>
        <database>Unknown</database>
    </source>
    <size>
        <width>358</width>
        <height>450</height>
        <depth>3</depth>
    </size>
    <segmented>0</segmented>
    <object>
        <name>Face</name>
        <pose>Unspecified</pose>
        <truncated>0</truncated>
        <difficult>0</difficult>
        <bndbox>
            <xmin>137</xmin>
            <ymin>39</ymin>
            <xmax>233</xmax>
            <ymax>165</ymax>
        </bndbox>
    </object>
    <object>
        <name>Face</name>
        <pose>Unspecified</pose>
        <truncated>0</truncated>
        <difficult>0</difficult>
        <bndbox>
            <xmin>30</xmin>
            <ymin>81</ymin>
            <xmax>108</xmax>
            <ymax>185</ymax>
        </bndbox>
    </object>
    <object>
        <name>Face</name>
        <pose>Unspecified</pose>
        <truncated>0</truncated>
        <difficult>0</difficult>
        <bndbox>
            <xmin>255</xmin>
            <ymin>112</ymin>
            <xmax>321</xmax>
            <ymax>196</ymax>
        </bndbox>
    </object>
</annotation>