<annotation>
    <folder>images</folder>
    <filename>2002_07_25_big_img_987.jpg</filename>
    <source>
        <database>Unknown</database>
    </source>
    <size>
        <width>333</width>
        <height>450</height>
        <depth>3</depth>
    </size>
    <segmented>0</segmented>
    <object>
        <name>Face</name>
        <pose>Unspecified</pose>
        <truncated>0</truncated>
        <difficult>0</difficult>
        <bndbox>
            <xmin>80</xmin>
            <ymin>31</ymin>
            <xmax>238</xmax>
            <ymax>271</ymax>
        </bndbox>
    </object>
</annotation>