<annotation>
    <folder>images</folder>
    <filename>2002_07_27_big_img_1034.jpg</filename>
    <source>
        <database>Unknown</database>
    </source>
    <size>
        <width>383</width>
        <height>450</height>
        <depth>3</depth>
    </size>
    <segmented>0</segmented>
    <object>
        <name>Face</name>
        <pose>Unspecified</pose>
        <truncated>0</truncated>
        <difficult>0</difficult>
        <bndbox>
            <xmin>183</xmin>
            <ymin>34</ymin>
            <xmax>319</xmax>
            <ymax>244</ymax>
        </bndbox>
    </object>
</annotation>