<annotation>
    <folder>images</folder>
    <filename>2002_07_25_big_img_668.jpg</filename>
    <source>
        <database>Unknown</database>
    </source>
    <size>
        <width>313</width>
        <height>449</height>
        <depth>3</depth>
    </size>
    <segmented>0</segmented>
    <object>
        <name>Face</name>
        <pose>Unspecified</pose>
        <truncated>0</truncated>
        <difficult>0</difficult>
        <bndbox>
            <xmin>140</xmin>
            <ymin>29</ymin>
            <xmax>220</xmax>
            <ymax>151</ymax>
        </bndbox>
    </object>
</annotation>