<annotation>
    <folder>images</folder>
    <filename>2002_07_22_big_img_769.jpg</filename>
    <source>
        <database>Unknown</database>
    </source>
    <size>
        <width>331</width>
        <height>450</height>
        <depth>3</depth>
    </size>
    <segmented>0</segmented>
    <object>
        <name>Face</name>
        <pose>Unspecified</pose>
        <truncated>0</truncated>
        <difficult>0</difficult>
        <bndbox>
            <xmin>42</xmin>
            <ymin>54</ymin>
            <xmax>278</xmax>
            <ymax>362</ymax>
        </bndbox>
    </object>
</annotation>