<annotation>
    <folder>images</folder>
    <filename>2002_07_24_big_img_478.jpg</filename>
    <source>
        <database>Unknown</database>
    </source>
    <size>
        <width>450</width>
        <height>412</height>
        <depth>3</depth>
    </size>
    <segmented>0</segmented>
    <object>
        <name>Face</name>
        <pose>Unspecified</pose>
        <truncated>0</truncated>
        <difficult>0</difficult>
        <bndbox>
            <xmin>145</xmin>
            <ymin>10</ymin>
            <xmax>229</xmax>
            <ymax>118</ymax>
        </bndbox>
    </object>
    <object>
        <name>Face</name>
        <pose>Unspecified</pose>
        <truncated>0</truncated>
        <difficult>0</difficult>
        <bndbox>
            <xmin>183</xmin>
            <ymin>40</ymin>
            <xmax>311</xmax>
            <ymax>198</ymax>
        </bndbox>
    </object>
    <object>
        <name>Face</name>
        <pose>Unspecified</pose>
        <truncated>0</truncated>
        <difficult>0</difficult>
        <bndbox>
            <xmin>322</xmin>
            <ymin>7</ymin>
            <xmax>428</xmax>
            <ymax>141</ymax>
        </bndbox>
    </object>
</annotation>