<annotation>
    <folder>images</folder>
    <filename>2002_07_22_big_img_652.jpg</filename>
    <source>
        <database>Unknown</database>
    </source>
    <size>
        <width>401</width>
        <height>450</height>
        <depth>3</depth>
    </size>
    <segmented>0</segmented>
    <object>
        <name>Face</name>
        <pose>Unspecified</pose>
        <truncated>0</truncated>
        <difficult>0</difficult>
        <bndbox>
            <xmin>170</xmin>
            <ymin>10</ymin>
            <xmax>252</xmax>
            <ymax>108</ymax>
        </bndbox>
    </object>
    <object>
        <name>Face</name>
        <pose>Unspecified</pose>
        <truncated>0</truncated>
        <difficult>0</difficult>
        <bndbox>
            <xmin>18</xmin>
            <ymin>148</ymin>
            <xmax>94</xmax>
            <ymax>236</ymax>
        </bndbox>
    </object>
    <object>
        <name>Face</name>
        <pose>Unspecified</pose>
        <truncated>0</truncated>
        <difficult>0</difficult>
        <bndbox>
            <xmin>218</xmin>
            <ymin>156</ymin>
            <xmax>290</xmax>
            <ymax>254</ymax>
        </bndbox>
    </object>
    <object>
        <name>Face</name>
        <pose>Unspecified</pose>
        <truncated>0</truncated>
        <difficult>0</difficult>
        <bndbox>
            <xmin>196</xmin>
            <ymin>250</ymin>
            <xmax>274</xmax>
            <ymax>360</ymax>
        </bndbox>
    </object>
    <object>
        <name>Face</name>
        <pose>Unspecified</pose>
        <truncated>0</truncated>
        <difficult>0</difficult>
        <bndbox>
            <xmin>0</xmin>
            <ymin>112</ymin>
            <xmax>20</xmax>
            <ymax>192</ymax>
        </bndbox>
    </object>
</annotation>