<annotation>
    <folder>images</folder>
    <filename>2002_07_23_big_img_607.jpg</filename>
    <source>
        <database>Unknown</database>
    </source>
    <size>
        <width>450</width>
        <height>302</height>
        <depth>3</depth>
    </size>
    <segmented>0</segmented>
    <object>
        <name>Face</name>
        <pose>Unspecified</pose>
        <truncated>0</truncated>
        <difficult>0</difficult>
        <bndbox>
            <xmin>240</xmin>
            <ymin>1</ymin>
            <xmax>340</xmax>
            <ymax>147</ymax>
        </bndbox>
    </object>
    <object>
        <name>Face</name>
        <pose>Unspecified</pose>
        <truncated>0</truncated>
        <difficult>0</difficult>
        <bndbox>
            <xmin>149</xmin>
            <ymin>25</ymin>
            <xmax>203</xmax>
            <ymax>111</ymax>
        </bndbox>
    </object>
</annotation>