<annotation>
    <folder>images</folder>
    <filename>2002_07_23_big_img_261.jpg</filename>
    <source>
        <database>Unknown</database>
    </source>
    <size>
        <width>347</width>
        <height>450</height>
        <depth>3</depth>
    </size>
    <segmented>0</segmented>
    <object>
        <name>Face</name>
        <pose>Unspecified</pose>
        <truncated>0</truncated>
        <difficult>0</difficult>
        <bndbox>
            <xmin>66</xmin>
            <ymin>59</ymin>
            <xmax>290</xmax>
            <ymax>391</ymax>
        </bndbox>
    </object>
</annotation>