<annotation>
    <folder>images</folder>
    <filename>2002_07_26_big_img_837.jpg</filename>
    <source>
        <database>Unknown</database>
    </source>
    <size>
        <width>327</width>
        <height>450</height>
        <depth>3</depth>
    </size>
    <segmented>0</segmented>
    <object>
        <name>Face</name>
        <pose>Unspecified</pose>
        <truncated>0</truncated>
        <difficult>0</difficult>
        <bndbox>
            <xmin>77</xmin>
            <ymin>63</ymin>
            <xmax>111</xmax>
            <ymax>105</ymax>
        </bndbox>
    </object>
    <object>
        <name>Face</name>
        <pose>Unspecified</pose>
        <truncated>0</truncated>
        <difficult>0</difficult>
        <bndbox>
            <xmin>214</xmin>
            <ymin>52</ymin>
            <xmax>248</xmax>
            <ymax>96</ymax>
        </bndbox>
    </object>
</annotation>