<annotation>
    <folder>images</folder>
    <filename>2002_07_19_big_img_135.jpg</filename>
    <source>
        <database>Unknown</database>
    </source>
    <size>
        <width>335</width>
        <height>450</height>
        <depth>3</depth>
    </size>
    <segmented>0</segmented>
    <object>
        <name>Face</name>
        <pose>Unspecified</pose>
        <truncated>0</truncated>
        <difficult>0</difficult>
        <bndbox>
            <xmin>69</xmin>
            <ymin>79</ymin>
            <xmax>163</xmax>
            <ymax>217</ymax>
        </bndbox>
    </object>
    <object>
        <name>Face</name>
        <pose>Unspecified</pose>
        <truncated>0</truncated>
        <difficult>0</difficult>
        <bndbox>
            <xmin>231</xmin>
            <ymin>25</ymin>
            <xmax>313</xmax>
            <ymax>143</ymax>
        </bndbox>
    </object>
</annotation>