<annotation>
    <folder>images</folder>
    <filename>2002_07_19_big_img_372.jpg</filename>
    <source>
        <database>Unknown</database>
    </source>
    <size>
        <width>326</width>
        <height>450</height>
        <depth>3</depth>
    </size>
    <segmented>0</segmented>
    <object>
        <name>Face</name>
        <pose>Unspecified</pose>
        <truncated>0</truncated>
        <difficult>0</difficult>
        <bndbox>
            <xmin>148</xmin>
            <ymin>48</ymin>
            <xmax>206</xmax>
            <ymax>136</ymax>
        </bndbox>
    </object>
    <object>
        <name>Face</name>
        <pose>Unspecified</pose>
        <truncated>0</truncated>
        <difficult>0</difficult>
        <bndbox>
            <xmin>231</xmin>
            <ymin>83</ymin>
            <xmax>273</xmax>
            <ymax>135</ymax>
        </bndbox>
    </object>
</annotation>