<annotation>
    <folder>images</folder>
    <filename>2002_07_20_big_img_559.jpg</filename>
    <source>
        <database>Unknown</database>
    </source>
    <size>
        <width>449</width>
        <height>327</height>
        <depth>3</depth>
    </size>
    <segmented>0</segmented>
    <object>
        <name>Face</name>
        <pose>Unspecified</pose>
        <truncated>0</truncated>
        <difficult>0</difficult>
        <bndbox>
            <xmin>279</xmin>
            <ymin>31</ymin>
            <xmax>387</xmax>
            <ymax>153</ymax>
        </bndbox>
    </object>
</annotation>