<annotation>
    <folder>images</folder>
    <filename>2002_07_25_big_img_844.jpg</filename>
    <source>
        <database>Unknown</database>
    </source>
    <size>
        <width>303</width>
        <height>450</height>
        <depth>3</depth>
    </size>
    <segmented>0</segmented>
    <object>
        <name>Face</name>
        <pose>Unspecified</pose>
        <truncated>0</truncated>
        <difficult>0</difficult>
        <bndbox>
            <xmin>113</xmin>
            <ymin>29</ymin>
            <xmax>193</xmax>
            <ymax>135</ymax>
        </bndbox>
    </object>
    <object>
        <name>Face</name>
        <pose>Unspecified</pose>
        <truncated>0</truncated>
        <difficult>0</difficult>
        <bndbox>
            <xmin>259</xmin>
            <ymin>108</ymin>
            <xmax>283</xmax>
            <ymax>138</ymax>
        </bndbox>
    </object>
    <object>
        <name>Face</name>
        <pose>Unspecified</pose>
        <truncated>0</truncated>
        <difficult>0</difficult>
        <bndbox>
            <xmin>285</xmin>
            <ymin>107</ymin>
            <xmax>302</xmax>
            <ymax>143</ymax>
        </bndbox>
    </object>
</annotation>