<annotation>
    <folder>images</folder>
    <filename>2002_07_26_big_img_121.jpg</filename>
    <source>
        <database>Unknown</database>
    </source>
    <size>
        <width>450</width>
        <height>380</height>
        <depth>3</depth>
    </size>
    <segmented>0</segmented>
    <object>
        <name>Face</name>
        <pose>Unspecified</pose>
        <truncated>0</truncated>
        <difficult>0</difficult>
        <bndbox>
            <xmin>108</xmin>
            <ymin>84</ymin>
            <xmax>166</xmax>
            <ymax>170</ymax>
        </bndbox>
    </object>
    <object>
        <name>Face</name>
        <pose>Unspecified</pose>
        <truncated>0</truncated>
        <difficult>0</difficult>
        <bndbox>
            <xmin>194</xmin>
            <ymin>19</ymin>
            <xmax>270</xmax>
            <ymax>117</ymax>
        </bndbox>
    </object>
    <object>
        <name>Face</name>
        <pose>Unspecified</pose>
        <truncated>0</truncated>
        <difficult>0</difficult>
        <bndbox>
            <xmin>256</xmin>
            <ymin>77</ymin>
            <xmax>318</xmax>
            <ymax>161</ymax>
        </bndbox>
    </object>
</annotation>