<annotation>
    <folder>images</folder>
    <filename>2002_07_26_big_img_499.jpg</filename>
    <source>
        <database>Unknown</database>
    </source>
    <size>
        <width>330</width>
        <height>450</height>
        <depth>3</depth>
    </size>
    <segmented>0</segmented>
    <object>
        <name>Face</name>
        <pose>Unspecified</pose>
        <truncated>0</truncated>
        <difficult>0</difficult>
        <bndbox>
            <xmin>119</xmin>
            <ymin>77</ymin>
            <xmax>259</xmax>
            <ymax>243</ymax>
        </bndbox>
    </object>
    <object>
        <name>Face</name>
        <pose>Unspecified</pose>
        <truncated>0</truncated>
        <difficult>0</difficult>
        <bndbox>
            <xmin>134</xmin>
            <ymin>292</ymin>
            <xmax>272</xmax>
            <ymax>448</ymax>
        </bndbox>
    </object>
</annotation>