<annotation>
    <folder>images</folder>
    <filename>2002_07_22_big_img_720.jpg</filename>
    <source>
        <database>Unknown</database>
    </source>
    <size>
        <width>450</width>
        <height>278</height>
        <depth>3</depth>
    </size>
    <segmented>0</segmented>
    <object>
        <name>Face</name>
        <pose>Unspecified</pose>
        <truncated>0</truncated>
        <difficult>0</difficult>
        <bndbox>
            <xmin>214</xmin>
            <ymin>52</ymin>
            <xmax>298</xmax>
            <ymax>172</ymax>
        </bndbox>
    </object>
</annotation>