<annotation>
    <folder>images</folder>
    <filename>2002_07_22_big_img_696.jpg</filename>
    <source>
        <database>Unknown</database>
    </source>
    <size>
        <width>317</width>
        <height>450</height>
        <depth>3</depth>
    </size>
    <segmented>0</segmented>
    <object>
        <name>Face</name>
        <pose>Unspecified</pose>
        <truncated>0</truncated>
        <difficult>0</difficult>
        <bndbox>
            <xmin>119</xmin>
            <ymin>29</ymin>
            <xmax>201</xmax>
            <ymax>147</ymax>
        </bndbox>
    </object>
    <object>
        <name>Face</name>
        <pose>Unspecified</pose>
        <truncated>0</truncated>
        <difficult>0</difficult>
        <bndbox>
            <xmin>128</xmin>
            <ymin>180</ymin>
            <xmax>296</xmax>
            <ymax>372</ymax>
        </bndbox>
    </object>
</annotation>