<annotation>
    <folder>images</folder>
    <filename>2002_07_19_big_img_665.jpg</filename>
    <source>
        <database>Unknown</database>
    </source>
    <size>
        <width>364</width>
        <height>450</height>
        <depth>3</depth>
    </size>
    <segmented>0</segmented>
    <object>
        <name>Face</name>
        <pose>Unspecified</pose>
        <truncated>0</truncated>
        <difficult>0</difficult>
        <bndbox>
            <xmin>134</xmin>
            <ymin>70</ymin>
            <xmax>236</xmax>
            <ymax>208</ymax>
        </bndbox>
    </object>
</annotation>