<annotation>
    <folder>images</folder>
    <filename>2002_07_25_big_img_478.jpg</filename>
    <source>
        <database>Unknown</database>
    </source>
    <size>
        <width>305</width>
        <height>450</height>
        <depth>3</depth>
    </size>
    <segmented>0</segmented>
    <object>
        <name>Face</name>
        <pose>Unspecified</pose>
        <truncated>0</truncated>
        <difficult>0</difficult>
        <bndbox>
            <xmin>32</xmin>
            <ymin>23</ymin>
            <xmax>272</xmax>
            <ymax>371</ymax>
        </bndbox>
    </object>
</annotation>