<annotation>
    <folder>images</folder>
    <filename>2002_07_23_big_img_539.jpg</filename>
    <source>
        <database>Unknown</database>
    </source>
    <size>
        <width>406</width>
        <height>450</height>
        <depth>3</depth>
    </size>
    <segmented>0</segmented>
    <object>
        <name>Face</name>
        <pose>Unspecified</pose>
        <truncated>0</truncated>
        <difficult>0</difficult>
        <bndbox>
            <xmin>126</xmin>
            <ymin>45</ymin>
            <xmax>330</xmax>
            <ymax>305</ymax>
        </bndbox>
    </object>
    <object>
        <name>Face</name>
        <pose>Unspecified</pose>
        <truncated>0</truncated>
        <difficult>0</difficult>
        <bndbox>
            <xmin>16</xmin>
            <ymin>128</ymin>
            <xmax>184</xmax>
            <ymax>318</ymax>
        </bndbox>
    </object>
</annotation>