<annotation>
    <folder>images</folder>
    <filename>2002_07_24_big_img_778.jpg</filename>
    <source>
        <database>Unknown</database>
    </source>
    <size>
        <width>262</width>
        <height>449</height>
        <depth>3</depth>
    </size>
    <segmented>0</segmented>
    <object>
        <name>Face</name>
        <pose>Unspecified</pose>
        <truncated>0</truncated>
        <difficult>0</difficult>
        <bndbox>
            <xmin>91</xmin>
            <ymin>26</ymin>
            <xmax>187</xmax>
            <ymax>150</ymax>
        </bndbox>
    </object>
</annotation>