<annotation>
    <folder>images</folder>
    <filename>2002_07_22_big_img_567.jpg</filename>
    <source>
        <database>Unknown</database>
    </source>
    <size>
        <width>383</width>
        <height>450</height>
        <depth>3</depth>
    </size>
    <segmented>0</segmented>
    <object>
        <name>Face</name>
        <pose>Unspecified</pose>
        <truncated>0</truncated>
        <difficult>0</difficult>
        <bndbox>
            <xmin>51</xmin>
            <ymin>60</ymin>
            <xmax>109</xmax>
            <ymax>132</ymax>
        </bndbox>
    </object>
    <object>
        <name>Face</name>
        <pose>Unspecified</pose>
        <truncated>0</truncated>
        <difficult>0</difficult>
        <bndbox>
            <xmin>155</xmin>
            <ymin>49</ymin>
            <xmax>223</xmax>
            <ymax>151</ymax>
        </bndbox>
    </object>
    <object>
        <name>Face</name>
        <pose>Unspecified</pose>
        <truncated>0</truncated>
        <difficult>0</difficult>
        <bndbox>
            <xmin>245</xmin>
            <ymin>22</ymin>
            <xmax>305</xmax>
            <ymax>102</ymax>
        </bndbox>
    </object>
</annotation>