<annotation>
    <folder>images</folder>
    <filename>2002_07_19_big_img_247.jpg</filename>
    <source>
        <database>Unknown</database>
    </source>
    <size>
        <width>294</width>
        <height>450</height>
        <depth>3</depth>
    </size>
    <segmented>0</segmented>
    <object>
        <name>Face</name>
        <pose>Unspecified</pose>
        <truncated>0</truncated>
        <difficult>0</difficult>
        <bndbox>
            <xmin>85</xmin>
            <ymin>51</ymin>
            <xmax>217</xmax>
            <ymax>213</ymax>
        </bndbox>
    </object>
    <object>
        <name>Face</name>
        <pose>Unspecified</pose>
        <truncated>0</truncated>
        <difficult>0</difficult>
        <bndbox>
            <xmin>248</xmin>
            <ymin>156</ymin>
            <xmax>293</xmax>
            <ymax>266</ymax>
        </bndbox>
    </object>
</annotation>