<annotation>
    <folder>images</folder>
    <filename>2002_07_24_big_img_2.jpg</filename>
    <source>
        <database>Unknown</database>
    </source>
    <size>
        <width>450</width>
        <height>333</height>
        <depth>3</depth>
    </size>
    <segmented>0</segmented>
    <object>
        <name>Face</name>
        <pose>Unspecified</pose>
        <truncated>0</truncated>
        <difficult>0</difficult>
        <bndbox>
            <xmin>69</xmin>
            <ymin>116</ymin>
            <xmax>151</xmax>
            <ymax>232</ymax>
        </bndbox>
    </object>
    <object>
        <name>Face</name>
        <pose>Unspecified</pose>
        <truncated>0</truncated>
        <difficult>0</difficult>
        <bndbox>
            <xmin>284</xmin>
            <ymin>168</ymin>
            <xmax>360</xmax>
            <ymax>254</ymax>
        </bndbox>
    </object>
</annotation>