<annotation>
    <folder>images</folder>
    <filename>2002_07_24_big_img_762.jpg</filename>
    <source>
        <database>Unknown</database>
    </source>
    <size>
        <width>294</width>
        <height>450</height>
        <depth>3</depth>
    </size>
    <segmented>0</segmented>
    <object>
        <name>Face</name>
        <pose>Unspecified</pose>
        <truncated>0</truncated>
        <difficult>0</difficult>
        <bndbox>
            <xmin>82</xmin>
            <ymin>45</ymin>
            <xmax>216</xmax>
            <ymax>213</ymax>
        </bndbox>
    </object>
    <object>
        <name>Face</name>
        <pose>Unspecified</pose>
        <truncated>0</truncated>
        <difficult>0</difficult>
        <bndbox>
            <xmin>243</xmin>
            <ymin>155</ymin>
            <xmax>293</xmax>
            <ymax>267</ymax>
        </bndbox>
    </object>
</annotation>