<annotation>
    <folder>images</folder>
    <filename>2002_07_23_big_img_305.jpg</filename>
    <source>
        <database>Unknown</database>
    </source>
    <size>
        <width>349</width>
        <height>450</height>
        <depth>3</depth>
    </size>
    <segmented>0</segmented>
    <object>
        <name>Face</name>
        <pose>Unspecified</pose>
        <truncated>0</truncated>
        <difficult>0</difficult>
        <bndbox>
            <xmin>27</xmin>
            <ymin>95</ymin>
            <xmax>175</xmax>
            <ymax>307</ymax>
        </bndbox>
    </object>
    <object>
        <name>Face</name>
        <pose>Unspecified</pose>
        <truncated>0</truncated>
        <difficult>0</difficult>
        <bndbox>
            <xmin>102</xmin>
            <ymin>78</ymin>
            <xmax>264</xmax>
            <ymax>282</ymax>
        </bndbox>
    </object>
</annotation>