<annotation>
    <folder>images</folder>
    <filename>2002_07_24_big_img_25.jpg</filename>
    <source>
        <database>Unknown</database>
    </source>
    <size>
        <width>449</width>
        <height>299</height>
        <depth>3</depth>
    </size>
    <segmented>0</segmented>
    <object>
        <name>Face</name>
        <pose>Unspecified</pose>
        <truncated>0</truncated>
        <difficult>0</difficult>
        <bndbox>
            <xmin>371</xmin>
            <ymin>14</ymin>
            <xmax>425</xmax>
            <ymax>92</ymax>
        </bndbox>
    </object>
    <object>
        <name>Face</name>
        <pose>Unspecified</pose>
        <truncated>0</truncated>
        <difficult>0</difficult>
        <bndbox>
            <xmin>296</xmin>
            <ymin>3</ymin>
            <xmax>346</xmax>
            <ymax>71</ymax>
        </bndbox>
    </object>
    <object>
        <name>Face</name>
        <pose>Unspecified</pose>
        <truncated>0</truncated>
        <difficult>0</difficult>
        <bndbox>
            <xmin>95</xmin>
            <ymin>0</ymin>
            <xmax>151</xmax>
            <ymax>64</ymax>
        </bndbox>
    </object>
    <object>
        <name>Face</name>
        <pose>Unspecified</pose>
        <truncated>0</truncated>
        <difficult>0</difficult>
        <bndbox>
            <xmin>47</xmin>
            <ymin>44</ymin>
            <xmax>149</xmax>
            <ymax>182</ymax>
        </bndbox>
    </object>
    <object>
        <name>Face</name>
        <pose>Unspecified</pose>
        <truncated>0</truncated>
        <difficult>0</difficult>
        <bndbox>
            <xmin>217</xmin>
            <ymin>33</ymin>
            <xmax>301</xmax>
            <ymax>155</ymax>
        </bndbox>
    </object>
</annotation>