<annotation>
    <folder>images</folder>
    <filename>2002_07_24_big_img_797.jpg</filename>
    <source>
        <database>Unknown</database>
    </source>
    <size>
        <width>405</width>
        <height>450</height>
        <depth>3</depth>
    </size>
    <segmented>0</segmented>
    <object>
        <name>Face</name>
        <pose>Unspecified</pose>
        <truncated>0</truncated>
        <difficult>0</difficult>
        <bndbox>
            <xmin>33</xmin>
            <ymin>39</ymin>
            <xmax>209</xmax>
            <ymax>283</ymax>
        </bndbox>
    </object>
    <object>
        <name>Face</name>
        <pose>Unspecified</pose>
        <truncated>0</truncated>
        <difficult>0</difficult>
        <bndbox>
            <xmin>238</xmin>
            <ymin>169</ymin>
            <xmax>374</xmax>
            <ymax>379</ymax>
        </bndbox>
    </object>
</annotation>