<annotation>
    <folder>images</folder>
    <filename>2002_07_20_big_img_443.jpg</filename>
    <source>
        <database>Unknown</database>
    </source>
    <size>
        <width>295</width>
        <height>450</height>
        <depth>3</depth>
    </size>
    <segmented>0</segmented>
    <object>
        <name>Face</name>
        <pose>Unspecified</pose>
        <truncated>0</truncated>
        <difficult>0</difficult>
        <bndbox>
            <xmin>88</xmin>
            <ymin>232</ymin>
            <xmax>154</xmax>
            <ymax>320</ymax>
        </bndbox>
    </object>
    <object>
        <name>Face</name>
        <pose>Unspecified</pose>
        <truncated>0</truncated>
        <difficult>0</difficult>
        <bndbox>
            <xmin>56</xmin>
            <ymin>0</ymin>
            <xmax>264</xmax>
            <ymax>262</ymax>
        </bndbox>
    </object>
    <object>
        <name>Face</name>
        <pose>Unspecified</pose>
        <truncated>0</truncated>
        <difficult>0</difficult>
        <bndbox>
            <xmin>276</xmin>
            <ymin>349</ymin>
            <xmax>294</xmax>
            <ymax>409</ymax>
        </bndbox>
    </object>
</annotation>