<annotation>
    <folder>images</folder>
    <filename>2002_07_19_big_img_254.jpg</filename>
    <source>
        <database>Unknown</database>
    </source>
    <size>
        <width>277</width>
        <height>449</height>
        <depth>3</depth>
    </size>
    <segmented>0</segmented>
    <object>
        <name>Face</name>
        <pose>Unspecified</pose>
        <truncated>0</truncated>
        <difficult>0</difficult>
        <bndbox>
            <xmin>70</xmin>
            <ymin>49</ymin>
            <xmax>182</xmax>
            <ymax>183</ymax>
        </bndbox>
    </object>
    <object>
        <name>Face</name>
        <pose>Unspecified</pose>
        <truncated>0</truncated>
        <difficult>0</difficult>
        <bndbox>
            <xmin>167</xmin>
            <ymin>107</ymin>
            <xmax>229</xmax>
            <ymax>187</ymax>
        </bndbox>
    </object>
</annotation>