<annotation>
    <folder>images</folder>
    <filename>2002_07_22_big_img_61.jpg</filename>
    <source>
        <database>Unknown</database>
    </source>
    <size>
        <width>255</width>
        <height>449</height>
        <depth>3</depth>
    </size>
    <segmented>0</segmented>
    <object>
        <name>Face</name>
        <pose>Unspecified</pose>
        <truncated>0</truncated>
        <difficult>0</difficult>
        <bndbox>
            <xmin>57</xmin>
            <ymin>76</ymin>
            <xmax>221</xmax>
            <ymax>316</ymax>
        </bndbox>
    </object>
</annotation>