<annotation>
    <folder>images</folder>
    <filename>2002_07_21_big_img_754.jpg</filename>
    <source>
        <database>Unknown</database>
    </source>
    <size>
        <width>450</width>
        <height>330</height>
        <depth>3</depth>
    </size>
    <segmented>0</segmented>
    <object>
        <name>Face</name>
        <pose>Unspecified</pose>
        <truncated>0</truncated>
        <difficult>0</difficult>
        <bndbox>
            <xmin>239</xmin>
            <ymin>34</ymin>
            <xmax>317</xmax>
            <ymax>148</ymax>
        </bndbox>
    </object>
</annotation>