<annotation>
    <folder>images</folder>
    <filename>2002_07_24_big_img_171.jpg</filename>
    <source>
        <database>Unknown</database>
    </source>
    <size>
        <width>319</width>
        <height>450</height>
        <depth>3</depth>
    </size>
    <segmented>0</segmented>
    <object>
        <name>Face</name>
        <pose>Unspecified</pose>
        <truncated>0</truncated>
        <difficult>0</difficult>
        <bndbox>
            <xmin>108</xmin>
            <ymin>20</ymin>
            <xmax>200</xmax>
            <ymax>150</ymax>
        </bndbox>
    </object>
</annotation>