<annotation>
    <folder>images</folder>
    <filename>2002_07_21_big_img_159.jpg</filename>
    <source>
        <database>Unknown</database>
    </source>
    <size>
        <width>397</width>
        <height>450</height>
        <depth>3</depth>
    </size>
    <segmented>0</segmented>
    <object>
        <name>Face</name>
        <pose>Unspecified</pose>
        <truncated>0</truncated>
        <difficult>0</difficult>
        <bndbox>
            <xmin>203</xmin>
            <ymin>32</ymin>
            <xmax>287</xmax>
            <ymax>156</ymax>
        </bndbox>
    </object>
    <object>
        <name>Face</name>
        <pose>Unspecified</pose>
        <truncated>0</truncated>
        <difficult>0</difficult>
        <bndbox>
            <xmin>321</xmin>
            <ymin>0</ymin>
            <xmax>379</xmax>
            <ymax>61</ymax>
        </bndbox>
    </object>
</annotation>