<annotation>
    <folder>images</folder>
    <filename>2002_07_24_big_img_625.jpg</filename>
    <source>
        <database>Unknown</database>
    </source>
    <size>
        <width>387</width>
        <height>450</height>
        <depth>3</depth>
    </size>
    <segmented>0</segmented>
    <object>
        <name>Face</name>
        <pose>Unspecified</pose>
        <truncated>0</truncated>
        <difficult>0</difficult>
        <bndbox>
            <xmin>226</xmin>
            <ymin>123</ymin>
            <xmax>336</xmax>
            <ymax>279</ymax>
        </bndbox>
    </object>
    <object>
        <name>Face</name>
        <pose>Unspecified</pose>
        <truncated>0</truncated>
        <difficult>0</difficult>
        <bndbox>
            <xmin>129</xmin>
            <ymin>3</ymin>
            <xmax>233</xmax>
            <ymax>139</ymax>
        </bndbox>
    </object>
    <object>
        <name>Face</name>
        <pose>Unspecified</pose>
        <truncated>0</truncated>
        <difficult>0</difficult>
        <bndbox>
            <xmin>305</xmin>
            <ymin>37</ymin>
            <xmax>373</xmax>
            <ymax>127</ymax>
        </bndbox>
    </object>
</annotation>