<annotation>
    <folder>images</folder>
    <filename>2002_07_25_big_img_15.jpg</filename>
    <source>
        <database>Unknown</database>
    </source>
    <size>
        <width>450</width>
        <height>307</height>
        <depth>3</depth>
    </size>
    <segmented>0</segmented>
    <object>
        <name>Face</name>
        <pose>Unspecified</pose>
        <truncated>0</truncated>
        <difficult>0</difficult>
        <bndbox>
            <xmin>36</xmin>
            <ymin>70</ymin>
            <xmax>104</xmax>
            <ymax>164</ymax>
        </bndbox>
    </object>
    <object>
        <name>Face</name>
        <pose>Unspecified</pose>
        <truncated>0</truncated>
        <difficult>0</difficult>
        <bndbox>
            <xmin>169</xmin>
            <ymin>21</ymin>
            <xmax>247</xmax>
            <ymax>115</ymax>
        </bndbox>
    </object>
    <object>
        <name>Face</name>
        <pose>Unspecified</pose>
        <truncated>0</truncated>
        <difficult>0</difficult>
        <bndbox>
            <xmin>341</xmin>
            <ymin>52</ymin>
            <xmax>425</xmax>
            <ymax>156</ymax>
        </bndbox>
    </object>
    <object>
        <name>Face</name>
        <pose>Unspecified</pose>
        <truncated>0</truncated>
        <difficult>0</difficult>
        <bndbox>
            <xmin>0</xmin>
            <ymin>0</ymin>
            <xmax>33</xmax>
            <ymax>87</ymax>
        </bndbox>
    </object>
    <object>
        <name>Face</name>
        <pose>Unspecified</pose>
        <truncated>0</truncated>
        <difficult>0</difficult>
        <bndbox>
            <xmin>226</xmin>
            <ymin>64</ymin>
            <xmax>272</xmax>
            <ymax>126</ymax>
        </bndbox>
    </object>
</annotation>