<annotation>
    <folder>images</folder>
    <filename>2002_07_26_big_img_207.jpg</filename>
    <source>
        <database>Unknown</database>
    </source>
    <size>
        <width>450</width>
        <height>382</height>
        <depth>3</depth>
    </size>
    <segmented>0</segmented>
    <object>
        <name>Face</name>
        <pose>Unspecified</pose>
        <truncated>0</truncated>
        <difficult>0</difficult>
        <bndbox>
            <xmin>271</xmin>
            <ymin>145</ymin>
            <xmax>347</xmax>
            <ymax>253</ymax>
        </bndbox>
    </object>
</annotation>