<annotation>
    <folder>images</folder>
    <filename>2002_07_25_big_img_817.jpg</filename>
    <source>
        <database>Unknown</database>
    </source>
    <size>
        <width>383</width>
        <height>450</height>
        <depth>3</depth>
    </size>
    <segmented>0</segmented>
    <object>
        <name>Face</name>
        <pose>Unspecified</pose>
        <truncated>0</truncated>
        <difficult>0</difficult>
        <bndbox>
            <xmin>102</xmin>
            <ymin>161</ymin>
            <xmax>170</xmax>
            <ymax>247</ymax>
        </bndbox>
    </object>
    <object>
        <name>Face</name>
        <pose>Unspecified</pose>
        <truncated>0</truncated>
        <difficult>0</difficult>
        <bndbox>
            <xmin>271</xmin>
            <ymin>221</ymin>
            <xmax>343</xmax>
            <ymax>313</ymax>
        </bndbox>
    </object>
</annotation>