<annotation>
    <folder>images</folder>
    <filename>2002_07_23_big_img_542.jpg</filename>
    <source>
        <database>Unknown</database>
    </source>
    <size>
        <width>450</width>
        <height>299</height>
        <depth>3</depth>
    </size>
    <segmented>0</segmented>
    <object>
        <name>Face</name>
        <pose>Unspecified</pose>
        <truncated>0</truncated>
        <difficult>0</difficult>
        <bndbox>
            <xmin>183</xmin>
            <ymin>30</ymin>
            <xmax>319</xmax>
            <ymax>256</ymax>
        </bndbox>
    </object>
</annotation>