<annotation>
    <folder>images</folder>
    <filename>2002_07_25_big_img_135.jpg</filename>
    <source>
        <database>Unknown</database>
    </source>
    <size>
        <width>352</width>
        <height>450</height>
        <depth>3</depth>
    </size>
    <segmented>0</segmented>
    <object>
        <name>Face</name>
        <pose>Unspecified</pose>
        <truncated>0</truncated>
        <difficult>0</difficult>
        <bndbox>
            <xmin>70</xmin>
            <ymin>46</ymin>
            <xmax>284</xmax>
            <ymax>362</ymax>
        </bndbox>
    </object>
</annotation>