<annotation>
    <folder>images</folder>
    <filename>2002_07_23_big_img_425.jpg</filename>
    <source>
        <database>Unknown</database>
    </source>
    <size>
        <width>450</width>
        <height>293</height>
        <depth>3</depth>
    </size>
    <segmented>0</segmented>
    <object>
        <name>Face</name>
        <pose>Unspecified</pose>
        <truncated>0</truncated>
        <difficult>0</difficult>
        <bndbox>
            <xmin>278</xmin>
            <ymin>79</ymin>
            <xmax>396</xmax>
            <ymax>241</ymax>
        </bndbox>
    </object>
</annotation>