<annotation>
    <folder>images</folder>
    <filename>2002_07_20_big_img_695.jpg</filename>
    <source>
        <database>Unknown</database>
    </source>
    <size>
        <width>346</width>
        <height>450</height>
        <depth>3</depth>
    </size>
    <segmented>0</segmented>
    <object>
        <name>Face</name>
        <pose>Unspecified</pose>
        <truncated>0</truncated>
        <difficult>0</difficult>
        <bndbox>
            <xmin>161</xmin>
            <ymin>42</ymin>
            <xmax>273</xmax>
            <ymax>192</ymax>
        </bndbox>
    </object>
</annotation>