<annotation>
    <folder>images</folder>
    <filename>2002_07_26_big_img_46.jpg</filename>
    <source>
        <database>Unknown</database>
    </source>
    <size>
        <width>450</width>
        <height>414</height>
        <depth>3</depth>
    </size>
    <segmented>0</segmented>
    <object>
        <name>Face</name>
        <pose>Unspecified</pose>
        <truncated>0</truncated>
        <difficult>0</difficult>
        <bndbox>
            <xmin>142</xmin>
            <ymin>17</ymin>
            <xmax>212</xmax>
            <ymax>119</ymax>
        </bndbox>
    </object>
    <object>
        <name>Face</name>
        <pose>Unspecified</pose>
        <truncated>0</truncated>
        <difficult>0</difficult>
        <bndbox>
            <xmin>292</xmin>
            <ymin>31</ymin>
            <xmax>374</xmax>
            <ymax>133</ymax>
        </bndbox>
    </object>
</annotation>