<annotation>
    <folder>images</folder>
    <filename>2002_07_23_big_img_587.jpg</filename>
    <source>
        <database>Unknown</database>
    </source>
    <size>
        <width>302</width>
        <height>450</height>
        <depth>3</depth>
    </size>
    <segmented>0</segmented>
    <object>
        <name>Face</name>
        <pose>Unspecified</pose>
        <truncated>0</truncated>
        <difficult>0</difficult>
        <bndbox>
            <xmin>79</xmin>
            <ymin>36</ymin>
            <xmax>187</xmax>
            <ymax>182</ymax>
        </bndbox>
    </object>
</annotation>