<annotation>
    <folder>images</folder>
    <filename>2002_07_19_big_img_389.jpg</filename>
    <source>
        <database>Unknown</database>
    </source>
    <size>
        <width>347</width>
        <height>450</height>
        <depth>3</depth>
    </size>
    <segmented>0</segmented>
    <object>
        <name>Face</name>
        <pose>Unspecified</pose>
        <truncated>0</truncated>
        <difficult>0</difficult>
        <bndbox>
            <xmin>162</xmin>
            <ymin>37</ymin>
            <xmax>222</xmax>
            <ymax>121</ymax>
        </bndbox>
    </object>
    <object>
        <name>Face</name>
        <pose>Unspecified</pose>
        <truncated>0</truncated>
        <difficult>0</difficult>
        <bndbox>
            <xmin>316</xmin>
            <ymin>64</ymin>
            <xmax>346</xmax>
            <ymax>114</ymax>
        </bndbox>
    </object>
    <object>
        <name>Face</name>
        <pose>Unspecified</pose>
        <truncated>0</truncated>
        <difficult>0</difficult>
        <bndbox>
            <xmin>15</xmin>
            <ymin>97</ymin>
            <xmax>33</xmax>
            <ymax>119</ymax>
        </bndbox>
    </object>
</annotation>