<annotation>
    <folder>images</folder>
    <filename>2002_07_23_big_img_360.jpg</filename>
    <source>
        <database>Unknown</database>
    </source>
    <size>
        <width>343</width>
        <height>450</height>
        <depth>3</depth>
    </size>
    <segmented>0</segmented>
    <object>
        <name>Face</name>
        <pose>Unspecified</pose>
        <truncated>0</truncated>
        <difficult>0</difficult>
        <bndbox>
            <xmin>72</xmin>
            <ymin>40</ymin>
            <xmax>308</xmax>
            <ymax>360</ymax>
        </bndbox>
    </object>
</annotation>