<annotation>
    <folder>images</folder>
    <filename>2002_07_19_big_img_630.jpg</filename>
    <source>
        <database>Unknown</database>
    </source>
    <size>
        <width>450</width>
        <height>398</height>
        <depth>3</depth>
    </size>
    <segmented>0</segmented>
    <object>
        <name>Face</name>
        <pose>Unspecified</pose>
        <truncated>0</truncated>
        <difficult>0</difficult>
        <bndbox>
            <xmin>118</xmin>
            <ymin>113</ymin>
            <xmax>236</xmax>
            <ymax>277</ymax>
        </bndbox>
    </object>
    <object>
        <name>Face</name>
        <pose>Unspecified</pose>
        <truncated>0</truncated>
        <difficult>0</difficult>
        <bndbox>
            <xmin>229</xmin>
            <ymin>136</ymin>
            <xmax>361</xmax>
            <ymax>316</ymax>
        </bndbox>
    </object>
</annotation>