<annotation>
    <folder>images</folder>
    <filename>2002_07_21_big_img_589.jpg</filename>
    <source>
        <database>Unknown</database>
    </source>
    <size>
        <width>309</width>
        <height>450</height>
        <depth>3</depth>
    </size>
    <segmented>0</segmented>
    <object>
        <name>Face</name>
        <pose>Unspecified</pose>
        <truncated>0</truncated>
        <difficult>0</difficult>
        <bndbox>
            <xmin>114</xmin>
            <ymin>183</ymin>
            <xmax>198</xmax>
            <ymax>307</ymax>
        </bndbox>
    </object>
</annotation>