<annotation>
    <folder>images</folder>
    <filename>2002_07_23_big_img_480.jpg</filename>
    <source>
        <database>Unknown</database>
    </source>
    <size>
        <width>450</width>
        <height>352</height>
        <depth>3</depth>
    </size>
    <segmented>0</segmented>
    <object>
        <name>Face</name>
        <pose>Unspecified</pose>
        <truncated>0</truncated>
        <difficult>0</difficult>
        <bndbox>
            <xmin>177</xmin>
            <ymin>19</ymin>
            <xmax>257</xmax>
            <ymax>143</ymax>
        </bndbox>
    </object>
</annotation>