<annotation>
    <folder>images</folder>
    <filename>2002_07_26_big_img_183.jpg</filename>
    <source>
        <database>Unknown</database>
    </source>
    <size>
        <width>378</width>
        <height>450</height>
        <depth>3</depth>
    </size>
    <segmented>0</segmented>
    <object>
        <name>Face</name>
        <pose>Unspecified</pose>
        <truncated>0</truncated>
        <difficult>0</difficult>
        <bndbox>
            <xmin>238</xmin>
            <ymin>35</ymin>
            <xmax>362</xmax>
            <ymax>209</ymax>
        </bndbox>
    </object>
    <object>
        <name>Face</name>
        <pose>Unspecified</pose>
        <truncated>0</truncated>
        <difficult>0</difficult>
        <bndbox>
            <xmin>57</xmin>
            <ymin>25</ymin>
            <xmax>195</xmax>
            <ymax>205</ymax>
        </bndbox>
    </object>
</annotation>