<annotation>
    <folder>images</folder>
    <filename>2002_07_24_big_img_256.jpg</filename>
    <source>
        <database>Unknown</database>
    </source>
    <size>
        <width>312</width>
        <height>450</height>
        <depth>3</depth>
    </size>
    <segmented>0</segmented>
    <object>
        <name>Face</name>
        <pose>Unspecified</pose>
        <truncated>0</truncated>
        <difficult>0</difficult>
        <bndbox>
            <xmin>92</xmin>
            <ymin>15</ymin>
            <xmax>150</xmax>
            <ymax>91</ymax>
        </bndbox>
    </object>
    <object>
        <name>Face</name>
        <pose>Unspecified</pose>
        <truncated>0</truncated>
        <difficult>0</difficult>
        <bndbox>
            <xmin>231</xmin>
            <ymin>31</ymin>
            <xmax>289</xmax>
            <ymax>97</ymax>
        </bndbox>
    </object>
</annotation>