<annotation>
    <folder>images</folder>
    <filename>2002_07_20_big_img_716.jpg</filename>
    <source>
        <database>Unknown</database>
    </source>
    <size>
        <width>450</width>
        <height>359</height>
        <depth>3</depth>
    </size>
    <segmented>0</segmented>
    <object>
        <name>Face</name>
        <pose>Unspecified</pose>
        <truncated>0</truncated>
        <difficult>0</difficult>
        <bndbox>
            <xmin>109</xmin>
            <ymin>53</ymin>
            <xmax>193</xmax>
            <ymax>161</ymax>
        </bndbox>
    </object>
</annotation>