<annotation>
    <folder>images</folder>
    <filename>2002_07_23_big_img_466.jpg</filename>
    <source>
        <database>Unknown</database>
    </source>
    <size>
        <width>450</width>
        <height>300</height>
        <depth>3</depth>
    </size>
    <segmented>0</segmented>
    <object>
        <name>Face</name>
        <pose>Unspecified</pose>
        <truncated>0</truncated>
        <difficult>0</difficult>
        <bndbox>
            <xmin>174</xmin>
            <ymin>38</ymin>
            <xmax>250</xmax>
            <ymax>144</ymax>
        </bndbox>
    </object>
    <object>
        <name>Face</name>
        <pose>Unspecified</pose>
        <truncated>0</truncated>
        <difficult>0</difficult>
        <bndbox>
            <xmin>3</xmin>
            <ymin>71</ymin>
            <xmax>71</xmax>
            <ymax>159</ymax>
        </bndbox>
    </object>
    <object>
        <name>Face</name>
        <pose>Unspecified</pose>
        <truncated>0</truncated>
        <difficult>0</difficult>
        <bndbox>
            <xmin>281</xmin>
            <ymin>65</ymin>
            <xmax>339</xmax>
            <ymax>149</ymax>
        </bndbox>
    </object>
    <object>
        <name>Face</name>
        <pose>Unspecified</pose>
        <truncated>0</truncated>
        <difficult>0</difficult>
        <bndbox>
            <xmin>419</xmin>
            <ymin>82</ymin>
            <xmax>449</xmax>
            <ymax>162</ymax>
        </bndbox>
    </object>
</annotation>