<annotation>
    <folder>images</folder>
    <filename>2002_07_19_big_img_391.jpg</filename>
    <source>
        <database>Unknown</database>
    </source>
    <size>
        <width>299</width>
        <height>449</height>
        <depth>3</depth>
    </size>
    <segmented>0</segmented>
    <object>
        <name>Face</name>
        <pose>Unspecified</pose>
        <truncated>0</truncated>
        <difficult>0</difficult>
        <bndbox>
            <xmin>68</xmin>
            <ymin>56</ymin>
            <xmax>246</xmax>
            <ymax>288</ymax>
        </bndbox>
    </object>
</annotation>