<annotation>
    <folder>images</folder>
    <filename>2002_07_23_big_img_474.jpg</filename>
    <source>
        <database>Unknown</database>
    </source>
    <size>
        <width>373</width>
        <height>450</height>
        <depth>3</depth>
    </size>
    <segmented>0</segmented>
    <object>
        <name>Face</name>
        <pose>Unspecified</pose>
        <truncated>0</truncated>
        <difficult>0</difficult>
        <bndbox>
            <xmin>129</xmin>
            <ymin>21</ymin>
            <xmax>239</xmax>
            <ymax>183</ymax>
        </bndbox>
    </object>
    <object>
        <name>Face</name>
        <pose>Unspecified</pose>
        <truncated>0</truncated>
        <difficult>0</difficult>
        <bndbox>
            <xmin>253</xmin>
            <ymin>58</ymin>
            <xmax>347</xmax>
            <ymax>194</ymax>
        </bndbox>
    </object>
</annotation>