<annotation>
    <folder>images</folder>
    <filename>2002_07_25_big_img_1051.jpg</filename>
    <source>
        <database>Unknown</database>
    </source>
    <size>
        <width>344</width>
        <height>450</height>
        <depth>3</depth>
    </size>
    <segmented>0</segmented>
    <object>
        <name>Face</name>
        <pose>Unspecified</pose>
        <truncated>0</truncated>
        <difficult>0</difficult>
        <bndbox>
            <xmin>84</xmin>
            <ymin>41</ymin>
            <xmax>244</xmax>
            <ymax>265</ymax>
        </bndbox>
    </object>
    <object>
        <name>Face</name>
        <pose>Unspecified</pose>
        <truncated>0</truncated>
        <difficult>0</difficult>
        <bndbox>
            <xmin>6</xmin>
            <ymin>183</ymin>
            <xmax>76</xmax>
            <ymax>285</ymax>
        </bndbox>
    </object>
    <object>
        <name>Face</name>
        <pose>Unspecified</pose>
        <truncated>0</truncated>
        <difficult>0</difficult>
        <bndbox>
            <xmin>211</xmin>
            <ymin>137</ymin>
            <xmax>323</xmax>
            <ymax>279</ymax>
        </bndbox>
    </object>
</annotation>