<annotation>
    <folder>images</folder>
    <filename>2002_07_25_big_img_615.jpg</filename>
    <source>
        <database>Unknown</database>
    </source>
    <size>
        <width>326</width>
        <height>450</height>
        <depth>3</depth>
    </size>
    <segmented>0</segmented>
    <object>
        <name>Face</name>
        <pose>Unspecified</pose>
        <truncated>0</truncated>
        <difficult>0</difficult>
        <bndbox>
            <xmin>223</xmin>
            <ymin>22</ymin>
            <xmax>295</xmax>
            <ymax>116</ymax>
        </bndbox>
    </object>
    <object>
        <name>Face</name>
        <pose>Unspecified</pose>
        <truncated>0</truncated>
        <difficult>0</difficult>
        <bndbox>
            <xmin>146</xmin>
            <ymin>280</ymin>
            <xmax>194</xmax>
            <ymax>360</ymax>
        </bndbox>
    </object>
    <object>
        <name>Face</name>
        <pose>Unspecified</pose>
        <truncated>0</truncated>
        <difficult>0</difficult>
        <bndbox>
            <xmin>83</xmin>
            <ymin>17</ymin>
            <xmax>185</xmax>
            <ymax>147</ymax>
        </bndbox>
    </object>
</annotation>