<annotation>
    <folder>images</folder>
    <filename>2002_07_27_big_img_1083.jpg</filename>
    <source>
        <database>Unknown</database>
    </source>
    <size>
        <width>450</width>
        <height>317</height>
        <depth>3</depth>
    </size>
    <segmented>0</segmented>
    <object>
        <name>Face</name>
        <pose>Unspecified</pose>
        <truncated>0</truncated>
        <difficult>0</difficult>
        <bndbox>
            <xmin>121</xmin>
            <ymin>40</ymin>
            <xmax>205</xmax>
            <ymax>166</ymax>
        </bndbox>
    </object>
</annotation>