<annotation>
    <folder>images</folder>
    <filename>2002_07_25_big_img_326.jpg</filename>
    <source>
        <database>Unknown</database>
    </source>
    <size>
        <width>329</width>
        <height>450</height>
        <depth>3</depth>
    </size>
    <segmented>0</segmented>
    <object>
        <name>Face</name>
        <pose>Unspecified</pose>
        <truncated>0</truncated>
        <difficult>0</difficult>
        <bndbox>
            <xmin>81</xmin>
            <ymin>61</ymin>
            <xmax>149</xmax>
            <ymax>161</ymax>
        </bndbox>
    </object>
    <object>
        <name>Face</name>
        <pose>Unspecified</pose>
        <truncated>0</truncated>
        <difficult>0</difficult>
        <bndbox>
            <xmin>288</xmin>
            <ymin>288</ymin>
            <xmax>328</xmax>
            <ymax>360</ymax>
        </bndbox>
    </object>
</annotation>