<annotation>
    <folder>images</folder>
    <filename>2002_07_22_big_img_494.jpg</filename>
    <source>
        <database>Unknown</database>
    </source>
    <size>
        <width>406</width>
        <height>449</height>
        <depth>3</depth>
    </size>
    <segmented>0</segmented>
    <object>
        <name>Face</name>
        <pose>Unspecified</pose>
        <truncated>0</truncated>
        <difficult>0</difficult>
        <bndbox>
            <xmin>194</xmin>
            <ymin>138</ymin>
            <xmax>294</xmax>
            <ymax>270</ymax>
        </bndbox>
    </object>
    <object>
        <name>Face</name>
        <pose>Unspecified</pose>
        <truncated>0</truncated>
        <difficult>0</difficult>
        <bndbox>
            <xmin>353</xmin>
            <ymin>164</ymin>
            <xmax>405</xmax>
            <ymax>282</ymax>
        </bndbox>
    </object>
    <object>
        <name>Face</name>
        <pose>Unspecified</pose>
        <truncated>0</truncated>
        <difficult>0</difficult>
        <bndbox>
            <xmin>0</xmin>
            <ymin>243</ymin>
            <xmax>67</xmax>
            <ymax>351</ymax>
        </bndbox>
    </object>
</annotation>