<annotation>
    <folder>images</folder>
    <filename>2002_07_22_big_img_309.jpg</filename>
    <source>
        <database>Unknown</database>
    </source>
    <size>
        <width>450</width>
        <height>341</height>
        <depth>3</depth>
    </size>
    <segmented>0</segmented>
    <object>
        <name>Face</name>
        <pose>Unspecified</pose>
        <truncated>0</truncated>
        <difficult>0</difficult>
        <bndbox>
            <xmin>9</xmin>
            <ymin>0</ymin>
            <xmax>69</xmax>
            <ymax>62</ymax>
        </bndbox>
    </object>
    <object>
        <name>Face</name>
        <pose>Unspecified</pose>
        <truncated>0</truncated>
        <difficult>0</difficult>
        <bndbox>
            <xmin>89</xmin>
            <ymin>21</ymin>
            <xmax>155</xmax>
            <ymax>119</ymax>
        </bndbox>
    </object>
    <object>
        <name>Face</name>
        <pose>Unspecified</pose>
        <truncated>0</truncated>
        <difficult>0</difficult>
        <bndbox>
            <xmin>319</xmin>
            <ymin>36</ymin>
            <xmax>391</xmax>
            <ymax>130</ymax>
        </bndbox>
    </object>
</annotation>