<annotation>
    <folder>images</folder>
    <filename>2002_07_24_big_img_789.jpg</filename>
    <source>
        <database>Unknown</database>
    </source>
    <size>
        <width>331</width>
        <height>450</height>
        <depth>3</depth>
    </size>
    <segmented>0</segmented>
    <object>
        <name>Face</name>
        <pose>Unspecified</pose>
        <truncated>0</truncated>
        <difficult>0</difficult>
        <bndbox>
            <xmin>48</xmin>
            <ymin>52</ymin>
            <xmax>270</xmax>
            <ymax>354</ymax>
        </bndbox>
    </object>
</annotation>