<annotation>
    <folder>images</folder>
    <filename>2002_07_19_big_img_255.jpg</filename>
    <source>
        <database>Unknown</database>
    </source>
    <size>
        <width>298</width>
        <height>450</height>
        <depth>3</depth>
    </size>
    <segmented>0</segmented>
    <object>
        <name>Face</name>
        <pose>Unspecified</pose>
        <truncated>0</truncated>
        <difficult>0</difficult>
        <bndbox>
            <xmin>72</xmin>
            <ymin>53</ymin>
            <xmax>230</xmax>
            <ymax>227</ymax>
        </bndbox>
    </object>
    <object>
        <name>Face</name>
        <pose>Unspecified</pose>
        <truncated>0</truncated>
        <difficult>0</difficult>
        <bndbox>
            <xmin>16</xmin>
            <ymin>14</ymin>
            <xmax>92</xmax>
            <ymax>108</ymax>
        </bndbox>
    </object>
    <object>
        <name>Face</name>
        <pose>Unspecified</pose>
        <truncated>0</truncated>
        <difficult>0</difficult>
        <bndbox>
            <xmin>237</xmin>
            <ymin>16</ymin>
            <xmax>297</xmax>
            <ymax>96</ymax>
        </bndbox>
    </object>
</annotation>