<annotation>
    <folder>images</folder>
    <filename>2002_07_26_big_img_517.jpg</filename>
    <source>
        <database>Unknown</database>
    </source>
    <size>
        <width>295</width>
        <height>450</height>
        <depth>3</depth>
    </size>
    <segmented>0</segmented>
    <object>
        <name>Face</name>
        <pose>Unspecified</pose>
        <truncated>0</truncated>
        <difficult>0</difficult>
        <bndbox>
            <xmin>99</xmin>
            <ymin>29</ymin>
            <xmax>243</xmax>
            <ymax>231</ymax>
        </bndbox>
    </object>
</annotation>