<annotation>
    <folder>images</folder>
    <filename>2002_07_25_big_img_957.jpg</filename>
    <source>
        <database>Unknown</database>
    </source>
    <size>
        <width>311</width>
        <height>450</height>
        <depth>3</depth>
    </size>
    <segmented>0</segmented>
    <object>
        <name>Face</name>
        <pose>Unspecified</pose>
        <truncated>0</truncated>
        <difficult>0</difficult>
        <bndbox>
            <xmin>0</xmin>
            <ymin>12</ymin>
            <xmax>98</xmax>
            <ymax>140</ymax>
        </bndbox>
    </object>
    <object>
        <name>Face</name>
        <pose>Unspecified</pose>
        <truncated>0</truncated>
        <difficult>0</difficult>
        <bndbox>
            <xmin>27</xmin>
            <ymin>255</ymin>
            <xmax>109</xmax>
            <ymax>327</ymax>
        </bndbox>
    </object>
    <object>
        <name>Face</name>
        <pose>Unspecified</pose>
        <truncated>0</truncated>
        <difficult>0</difficult>
        <bndbox>
            <xmin>121</xmin>
            <ymin>66</ymin>
            <xmax>263</xmax>
            <ymax>246</ymax>
        </bndbox>
    </object>
    <object>
        <name>Face</name>
        <pose>Unspecified</pose>
        <truncated>0</truncated>
        <difficult>0</difficult>
        <bndbox>
            <xmin>101</xmin>
            <ymin>0</ymin>
            <xmax>183</xmax>
            <ymax>76</ymax>
        </bndbox>
    </object>
</annotation>