<annotation>
    <folder>images</folder>
    <filename>2002_07_22_big_img_469.jpg</filename>
    <source>
        <database>Unknown</database>
    </source>
    <size>
        <width>283</width>
        <height>450</height>
        <depth>3</depth>
    </size>
    <segmented>0</segmented>
    <object>
        <name>Face</name>
        <pose>Unspecified</pose>
        <truncated>0</truncated>
        <difficult>0</difficult>
        <bndbox>
            <xmin>89</xmin>
            <ymin>144</ymin>
            <xmax>199</xmax>
            <ymax>298</ymax>
        </bndbox>
    </object>
</annotation>