<annotation>
    <folder>images</folder>
    <filename>2002_07_24_big_img_130.jpg</filename>
    <source>
        <database>Unknown</database>
    </source>
    <size>
        <width>287</width>
        <height>450</height>
        <depth>3</depth>
    </size>
    <segmented>0</segmented>
    <object>
        <name>Face</name>
        <pose>Unspecified</pose>
        <truncated>0</truncated>
        <difficult>0</difficult>
        <bndbox>
            <xmin>137</xmin>
            <ymin>146</ymin>
            <xmax>217</xmax>
            <ymax>266</ymax>
        </bndbox>
    </object>
</annotation>