<annotation>
    <folder>images</folder>
    <filename>2002_07_21_big_img_430.jpg</filename>
    <source>
        <database>Unknown</database>
    </source>
    <size>
        <width>401</width>
        <height>450</height>
        <depth>3</depth>
    </size>
    <segmented>0</segmented>
    <object>
        <name>Face</name>
        <pose>Unspecified</pose>
        <truncated>0</truncated>
        <difficult>0</difficult>
        <bndbox>
            <xmin>167</xmin>
            <ymin>22</ymin>
            <xmax>253</xmax>
            <ymax>132</ymax>
        </bndbox>
    </object>
</annotation>