<annotation>
    <folder>images</folder>
    <filename>2002_07_23_big_img_366.jpg</filename>
    <source>
        <database>Unknown</database>
    </source>
    <size>
        <width>450</width>
        <height>317</height>
        <depth>3</depth>
    </size>
    <segmented>0</segmented>
    <object>
        <name>Face</name>
        <pose>Unspecified</pose>
        <truncated>0</truncated>
        <difficult>0</difficult>
        <bndbox>
            <xmin>118</xmin>
            <ymin>44</ymin>
            <xmax>196</xmax>
            <ymax>134</ymax>
        </bndbox>
    </object>
    <object>
        <name>Face</name>
        <pose>Unspecified</pose>
        <truncated>0</truncated>
        <difficult>0</difficult>
        <bndbox>
            <xmin>280</xmin>
            <ymin>34</ymin>
            <xmax>398</xmax>
            <ymax>180</ymax>
        </bndbox>
    </object>
</annotation>