<annotation>
    <folder>images</folder>
    <filename>2002_07_21_big_img_793.jpg</filename>
    <source>
        <database>Unknown</database>
    </source>
    <size>
        <width>326</width>
        <height>449</height>
        <depth>3</depth>
    </size>
    <segmented>0</segmented>
    <object>
        <name>Face</name>
        <pose>Unspecified</pose>
        <truncated>0</truncated>
        <difficult>0</difficult>
        <bndbox>
            <xmin>64</xmin>
            <ymin>39</ymin>
            <xmax>212</xmax>
            <ymax>251</ymax>
        </bndbox>
    </object>
</annotation>