<annotation>
    <folder>images</folder>
    <filename>2002_07_25_big_img_158.jpg</filename>
    <source>
        <database>Unknown</database>
    </source>
    <size>
        <width>333</width>
        <height>450</height>
        <depth>3</depth>
    </size>
    <segmented>0</segmented>
    <object>
        <name>Face</name>
        <pose>Unspecified</pose>
        <truncated>0</truncated>
        <difficult>0</difficult>
        <bndbox>
            <xmin>0</xmin>
            <ymin>3</ymin>
            <xmax>94</xmax>
            <ymax>123</ymax>
        </bndbox>
    </object>
    <object>
        <name>Face</name>
        <pose>Unspecified</pose>
        <truncated>0</truncated>
        <difficult>0</difficult>
        <bndbox>
            <xmin>23</xmin>
            <ymin>187</ymin>
            <xmax>121</xmax>
            <ymax>325</ymax>
        </bndbox>
    </object>
    <object>
        <name>Face</name>
        <pose>Unspecified</pose>
        <truncated>0</truncated>
        <difficult>0</difficult>
        <bndbox>
            <xmin>19</xmin>
            <ymin>310</ymin>
            <xmax>113</xmax>
            <ymax>438</ymax>
        </bndbox>
    </object>
    <object>
        <name>Face</name>
        <pose>Unspecified</pose>
        <truncated>0</truncated>
        <difficult>0</difficult>
        <bndbox>
            <xmin>178</xmin>
            <ymin>32</ymin>
            <xmax>282</xmax>
            <ymax>180</ymax>
        </bndbox>
    </object>
</annotation>