<annotation>
    <folder>images</folder>
    <filename>2002_07_20_big_img_294.jpg</filename>
    <source>
        <database>Unknown</database>
    </source>
    <size>
        <width>412</width>
        <height>450</height>
        <depth>3</depth>
    </size>
    <segmented>0</segmented>
    <object>
        <name>Face</name>
        <pose>Unspecified</pose>
        <truncated>0</truncated>
        <difficult>0</difficult>
        <bndbox>
            <xmin>258</xmin>
            <ymin>25</ymin>
            <xmax>316</xmax>
            <ymax>97</ymax>
        </bndbox>
    </object>
</annotation>