<annotation>
    <folder>images</folder>
    <filename>2002_07_25_big_img_595.jpg</filename>
    <source>
        <database>Unknown</database>
    </source>
    <size>
        <width>447</width>
        <height>450</height>
        <depth>3</depth>
    </size>
    <segmented>0</segmented>
    <object>
        <name>Face</name>
        <pose>Unspecified</pose>
        <truncated>0</truncated>
        <difficult>0</difficult>
        <bndbox>
            <xmin>177</xmin>
            <ymin>31</ymin>
            <xmax>279</xmax>
            <ymax>159</ymax>
        </bndbox>
    </object>
    <object>
        <name>Face</name>
        <pose>Unspecified</pose>
        <truncated>0</truncated>
        <difficult>0</difficult>
        <bndbox>
            <xmin>119</xmin>
            <ymin>0</ymin>
            <xmax>201</xmax>
            <ymax>101</ymax>
        </bndbox>
    </object>
</annotation>