<annotation>
    <folder>images</folder>
    <filename>2002_07_25_big_img_108.jpg</filename>
    <source>
        <database>Unknown</database>
    </source>
    <size>
        <width>450</width>
        <height>297</height>
        <depth>3</depth>
    </size>
    <segmented>0</segmented>
    <object>
        <name>Face</name>
        <pose>Unspecified</pose>
        <truncated>0</truncated>
        <difficult>0</difficult>
        <bndbox>
            <xmin>224</xmin>
            <ymin>29</ymin>
            <xmax>300</xmax>
            <ymax>139</ymax>
        </bndbox>
    </object>
    <object>
        <name>Face</name>
        <pose>Unspecified</pose>
        <truncated>0</truncated>
        <difficult>0</difficult>
        <bndbox>
            <xmin>358</xmin>
            <ymin>74</ymin>
            <xmax>420</xmax>
            <ymax>142</ymax>
        </bndbox>
    </object>
    <object>
        <name>Face</name>
        <pose>Unspecified</pose>
        <truncated>0</truncated>
        <difficult>0</difficult>
        <bndbox>
            <xmin>148</xmin>
            <ymin>88</ymin>
            <xmax>198</xmax>
            <ymax>148</ymax>
        </bndbox>
    </object>
    <object>
        <name>Face</name>
        <pose>Unspecified</pose>
        <truncated>0</truncated>
        <difficult>0</difficult>
        <bndbox>
            <xmin>298</xmin>
            <ymin>147</ymin>
            <xmax>332</xmax>
            <ymax>187</ymax>
        </bndbox>
    </object>
</annotation>