<annotation>
    <folder>images</folder>
    <filename>2002_07_26_big_img_77.jpg</filename>
    <source>
        <database>Unknown</database>
    </source>
    <size>
        <width>303</width>
        <height>450</height>
        <depth>3</depth>
    </size>
    <segmented>0</segmented>
    <object>
        <name>Face</name>
        <pose>Unspecified</pose>
        <truncated>0</truncated>
        <difficult>0</difficult>
        <bndbox>
            <xmin>74</xmin>
            <ymin>161</ymin>
            <xmax>202</xmax>
            <ymax>325</ymax>
        </bndbox>
    </object>
    <object>
        <name>Face</name>
        <pose>Unspecified</pose>
        <truncated>0</truncated>
        <difficult>0</difficult>
        <bndbox>
            <xmin>171</xmin>
            <ymin>0</ymin>
            <xmax>275</xmax>
            <ymax>125</ymax>
        </bndbox>
    </object>
</annotation>