<annotation>
    <folder>images</folder>
    <filename>2002_07_26_big_img_481.jpg</filename>
    <source>
        <database>Unknown</database>
    </source>
    <size>
        <width>304</width>
        <height>450</height>
        <depth>3</depth>
    </size>
    <segmented>0</segmented>
    <object>
        <name>Face</name>
        <pose>Unspecified</pose>
        <truncated>0</truncated>
        <difficult>0</difficult>
        <bndbox>
            <xmin>0</xmin>
            <ymin>21</ymin>
            <xmax>37</xmax>
            <ymax>93</ymax>
        </bndbox>
    </object>
    <object>
        <name>Face</name>
        <pose>Unspecified</pose>
        <truncated>0</truncated>
        <difficult>0</difficult>
        <bndbox>
            <xmin>115</xmin>
            <ymin>36</ymin>
            <xmax>197</xmax>
            <ymax>150</ymax>
        </bndbox>
    </object>
</annotation>