<annotation>
    <folder>images</folder>
    <filename>2002_07_24_big_img_616.jpg</filename>
    <source>
        <database>Unknown</database>
    </source>
    <size>
        <width>341</width>
        <height>450</height>
        <depth>3</depth>
    </size>
    <segmented>0</segmented>
    <object>
        <name>Face</name>
        <pose>Unspecified</pose>
        <truncated>0</truncated>
        <difficult>0</difficult>
        <bndbox>
            <xmin>46</xmin>
            <ymin>139</ymin>
            <xmax>210</xmax>
            <ymax>355</ymax>
        </bndbox>
    </object>
    <object>
        <name>Face</name>
        <pose>Unspecified</pose>
        <truncated>0</truncated>
        <difficult>0</difficult>
        <bndbox>
            <xmin>202</xmin>
            <ymin>26</ymin>
            <xmax>340</xmax>
            <ymax>222</ymax>
        </bndbox>
    </object>
</annotation>