<annotation>
    <folder>images</folder>
    <filename>2002_07_22_big_img_209.jpg</filename>
    <source>
        <database>Unknown</database>
    </source>
    <size>
        <width>371</width>
        <height>450</height>
        <depth>3</depth>
    </size>
    <segmented>0</segmented>
    <object>
        <name>Face</name>
        <pose>Unspecified</pose>
        <truncated>0</truncated>
        <difficult>0</difficult>
        <bndbox>
            <xmin>169</xmin>
            <ymin>76</ymin>
            <xmax>257</xmax>
            <ymax>202</ymax>
        </bndbox>
    </object>
</annotation>